aalvaro	t	alvaro
aaron	b	
abacu	b	
abacuc	b	
abacuhue	b	
abad	b	
abath	b	
abdalon	t	absalon
abdegano	b	
abdel	b	
abdelio	b	
abdelo	b	
abdenaco	b	
abdenago	b	
abdias	b	
abdiaz	b	
abdom	b	
abdon	b	
abdonio	b	
abdu	b	
abdul	b	
abdulio	b	
abdy	b	
abdyas	b	
abedul	b	
abedulio	b	
abegano	b	
abel	b	
abelacio	b	
abelaido	b	
abelardo	b	
abelaredo	t	abelardo
abelido	b	
abelino	b	
abelio	b	
abelo	b	
abemicio	b	
abencio	b	
abenicio	b	
abeol	b	
aberlardo	t	abelardo
aberto	b	
abicail	b	
abiclo	b	
abid	b	
abieser	b	
abigalin	b	
abilio	b	
abiliz	b	
abimael	b	
abimelec	b	
abinael	b	
ablo	t	pablo
abnel	b	
abner	b	
aborney	b	
abou	b	
abraam	b	
abraan	b	
abrabam	t	abraham
abraham	b	
abrahan	b	
abrahm	b	
abreliano	b	
abrelio	b	
abrham	b	
absalom	b	
absalon	b	
absolom	b	
absolon	b	
abudon	b	
abundino	b	
abundio	b	
acacias	b	
acensio	b	
aciclo	b	
acinaldo	b	
acisclo	b	
aconicio	b	
acopt	b	
adalber	b	
adalberth	b	
adalberto	b	
adali	b	
adalino	b	
adam	b	
adan	b	
adane	b	
adanidas	b	
adanur	b	
aday	b	
adberto	b	
addon	b	
addy	b	
ade	b	
adecmo	b	
adelacio	b	
adelascar	b	
adelascas	b	
adelazcar	b	
adeldrino	b	
adelfo	b	
adelino	b	
adelio	b	
adelires	b	
adelmar	b	
adelmo	b	
ademar	b	
ademir	b	
adenago	b	
adenarco	b	
adenes	b	
adenis	b	
adeniz	b	
adeodato	b	
ader	b	
aderney	b	
adfedis	b	
adgar	t	edgar
adibe	b	
adidoato	b	
adiel	b	
adil	b	
adilberto	b	
adilfo	b	
adilio	b	
adilo	b	
adilso	b	
adilson	b	
adin	b	
adinael	b	
adiodato	b	
adiosto	b	
adismenais	b	
adoldo	t	adolfo
adoleo	b	
adolfo	b	
adolio	b	
adolofo	t	adolfo
adomel	b	
adomias	b	
adon	b	
adonahi	b	
adonai	b	
adonail	b	
adonais	b	
adonaldo	b	
adonay	b	
adonecide	b	
adonel	b	
adonias	b	
adonicede	b	
adonicedec	b	
adonicedet	b	
adonio	b	
adonis	b	
adonisadet	b	
adonisedec	b	
adonisedeth	b	
adotiquio	b	
adrea	t	andrea
adres	t	andres
adrian	b	
adriano	b	
adrieano	t	adriano
adril	b	
aduar	b	
aduardo	b	
aduimin	b	
adulcey	b	
adulfo	b	
adumar	b	
adveiro	b	
advercio	b	
aeljandro	t	alejandro
aeuclides	t	euclides
aevalo	t	arevalo
afidio	b	
aflonso	t	alfonso
afrain	b	
afranio	b	
afredo	t	alfredo
afrodicio	b	
afrodisio	b	
afroniano	b	
agapito	b	
agapo	b	
agobardo	b	
agostino	b	
agripin	b	
agripino	b	
aguilino	t	aquilino
agulino	b	
agustin	b	
agustiniano	b	
agustino	b	
agusto	b	
ahimon	b	
ahmedt	b	
ahuber	b	
aicardo	b	
aides	b	
aidever	b	
aifonso	b	
aimeiro	b	
aimer	b	
aimon	b	
ain	b	
aine	b	
airel	b	
aisar	b	
aislan	b	
ajeditan	b	
ajedrez	b	
ajime	t	jaime
alabeiro	t	albeiro
aladin	b	
aladino	b	
alaexander	t	alexander
alain	b	
alairio	t	alirio
alajandro	t	alejandro
alan	b	
alavaro	t	alvaro
albacin	b	
albadonia	b	
albaerto	t	alberto
albairo	b	
albais	b	
alban	b	
albanio	b	
albaro	b	
albeider	b	
albeiro	b	
albelardo	t	abelardo
albelio	b	
alben	b	
albenidis	b	
albenio	b	
albenis	b	
albeno	b	
albeny	b	
albenys	b	
alber	b	
albercio	b	
albereto	t	alberto
alberio	t	albeiro
alberleyne	b	
albero	t	alberto
albersio	b	
albert	b	
alberth	b	
albertino	b	
alberto	b	
albertol	t	alberto
albertoo	t	alberto
albertro	t	alberto
albertto	t	alberto
albeto	t	alberto
albey	b	
albin	b	
albinio	b	
albino	b	
albredo	b	
albrerto	t	alberto
albrto	t	alberto
albsalon	t	absalon
alcadio	b	
alcedes	b	
alcelcio	b	
alcelmo	b	
alci	b	
alciabiades	b	
alciario	b	
alcibar	b	
alcibel	b	
alciber	b	
alcibiades	b	
alcibiadez	b	
alcides	b	
alcidez	b	
alcidio	b	
alcirio	b	
alciro	b	
alcisar	b	
alciviades	b	
alcizar	b	
alconides	b	
aldario	b	
aldegascar	b	
aldemal	b	
aldemar	b	
aldemaro	b	
aldenir	b	
alderco	b	
aldia	b	
aldino	b	
aldiver	b	
aldo	b	
aldolfo	b	
aldon	b	
aldonso	t	alfonso
aldorey	b	
aldredo	t	alfredo
aldrin	b	
aldrual	b	
aldrubal	b	
aldruman	b	
aldrumas	b	
aldumar	b	
aleberto	t	alberto
alebrto	t	alberto
alecio	b	
aleginio	b	
alegino	b	
aleides	b	
aleise	b	
alejadro	b	
alejandfro	t	alejandro
alejando	t	alejandro
alejandrino	b	
alejandro	b	
alejendro	t	alejandro
alejgando	t	alejandro
alejinio	b	
alejo	b	
aleksey	b	
alenajdro	t	alejandro
alessandry	b	
alex	b	
alexande	b	
alexander	b	
alexanderm	t	alexander
alexanderson	b	
alexandre	b	
alexandro	b	
alexer	b	
alexi	b	
alexis	b	
alexix	b	
alexnader	t	alexander
alexsander	b	
alexsandro	b	
alexy	b	
aleyder	b	
aleyo	b	
alezander	b	
alfabo	b	
alfanso	t	alfonso
alfar	b	
alfavo	b	
alfed	b	
alfeiro	b	
alfel	b	
alferney	b	
alfinso	t	alfonso
alfnso	t	alfonso
alfo	b	
alfomso	t	alfonso
alfondo	t	alfonso
alfono	t	alfonso
alfonso	b	
alfonsso	b	
alfonzao	b	
alfonzo	b	
alfopnso	t	alfonso
alfosno	t	alfonso
alfrdo	t	alfredo
alfred	b	
alfredfo	t	alfredo
alfredo	b	
alfredos	t	alfredo
alfrodis	b	
alfy	b	
algel	t	angel
algelmiro	b	
algemiro	b	
algonso	t	alfonso
alguer	b	
ali	b	
aliad	b	
alicio	b	
alidio	b	
aliecer	b	
aliginio	b	
aliirio	t	alirio
alinxon	b	
alipio	b	
alir	b	
alirio	b	
aliro	b	
aliruo	t	alirio
alisandro	b	
alisio	b	
alisis	b	
alistarco	b	
alisto	b	
alito	b	
aliverio	b	
alivio	b	
alix	b	
aljimio	b	
aljure	b	
alkichidez	b	
allantar	b	
allfonso	t	alfonso
almanasar	b	
almeiro	b	
almenio	b	
almenso	b	
almeydine	b	
almicar	b	
almilcar	b	
almincar	b	
alminio	b	
alnaskar	b	
alnfonso	t	alfonso
alnfoso	t	alfonso
alntonio	t	antonio
alonso	b	
alonzo	b	
alosno	t	alonso
aloy	b	
alpheo	b	
alpidio	b	
alpredo	t	alfredo
alquides	b	
alquimedes	b	
alrjandro	t	alejandro
alrley	t	arley
alrturo	t	arturo
alsiber	b	
alsiviades	b	
altube	b	
aluaro	b	
alureano	t	laureano
alurencio	b	
alvanio	b	
alvar	b	
alvara	t	alvaro
alvaro	b	
alveiro	b	
alvenio	b	
alverio	b	
alverto	b	
alvino	b	
alvirio	b	
alviro	b	
alvis	b	
alvro	t	alvaro
alw	b	
aly	b	
alyer	b	
amadeo	b	
amadiel	b	
amadis	b	
amadiz	b	
amado	b	
amador	b	
amaid	b	
amali	b	
amalio	b	
amarfi	b	
amaro	b	
amaul	b	
amaurio	b	
amaury	b	
ambesto	b	
ambrocio	b	
ambrosio	b	
amed	b	
amelino	b	
amelio	b	
americo	b	
amery	b	
amilcar	b	
amilio	b	
amilkar	b	
amilton	b	
amin	b	
aminadar	b	
aminto	b	
amir	b	
amos	b	
amparto	b	
amrco	t	marco
amrtin	t	martin
amuricio	t	mauricio
anacarsis	b	
anacelio	b	
anacimedes	b	
anacleto	b	
anaclover	b	
anael	b	
anagel	t	angel
anaias	b	
anaibal	t	anibal
anail	b	
anaire	b	
analdo	b	
anam	b	
ananaias	t	ananias
ananias	b	
ananimo	b	
ananisas	t	ananias
anarcasis	b	
anario	b	
anastacio	b	
anastasio	b	
anatacio	t	anastacio
anatanael	b	
anatolio	b	
anatonio	t	antonio
anay	b	
anbrocio	t	ambrocio
ancelmo	b	
anceno	b	
ancero	b	
anci	b	
ancinto	b	
ancisar	b	
ancisto	b	
ancizar	b	
ancleto	b	
andanio	b	
andelfo	b	
anderes	b	
anderly	b	
andersen	b	
anderson	b	
anderzon	b	
andes	b	
andolfo	b	
andre	b	
andrea	b	
andres	b	
andrety	b	
andrey	b	
andrez	b	
andrres	t	andres
andrumas	b	
anelio	b	
anfilognio	b	
anfiloquio	b	
anfonso	b	
anfredo	t	alfredo
anfres	b	
angal	t	angel
angek	t	angel
angel	b	
angelberto	b	
angeles	b	
angeli	b	
angelico	b	
angelino	b	
angello	b	
angelm	b	
angelmiro	b	
angelo	b	
angely	b	
angilberto	b	
angtonio	t	antonio
angwel	t	angel
aniano	b	
anibal	b	
anibasl	t	anibal
aniceto	b	
anilfo	b	
anilo	b	
aniseto	b	
anito	b	
anival	b	
anivar	b	
anix	b	
anobal	t	anibal
anoel	b	
anon	b	
anonio	b	
anotnio	t	antonio
anrique	t	enrique
anronio	t	antonio
anrtonio	t	antonio
anselmo	b	
anseno	b	
ansibar	b	
ansisar	b	
antano	b	
antenar	b	
anteno	b	
antenor	b	
antero	b	
anthony	b	
antilio	b	
antimio	b	
antinio	b	
antiparra	b	
antnio	t	antonio
antoine	b	
antoio	t	antonio
antoliano	b	
antolin	b	
antolino	b	
anton	b	
antoney	b	
antoni	b	
antoniio	t	antonio
antonino	b	
antonio	b	
antonioi	t	antonio
antonioo	t	antonio
antonlino	b	
antonnio	t	antonio
antono	t	antonio
antonuio	t	antonio
antony	b	
antuco	b	
antulio	b	
antunie	b	
anuar	b	
anuario	b	
anubes	b	
anuel	t	manuel
anul	b	
anulfo	b	
anundo	b	
anyelo	b	
anyer	b	
anyonio	t	antonio
anyul	b	
aofonso	t	alfonso
aolonso	t	alonso
aomar	t	omar
apariacio	t	aparicio
apariciio	t	aparicio
aparicio	b	
apblo	t	pablo
apdelgafer	b	
apodemio	b	
apolinar	b	
apolinio	b	
apolnar	t	apolinar
apolo	b	
apolonides	b	
apolonio	b	
apuleyo	b	
aquileo	b	
aquiles	b	
aquilino	b	
aquimedes	b	
aquimin	b	
aquiminio	b	
aquino	b	
araildo	b	
araldo	b	
aramando	t	armando
araon	b	
aravalo	t	arevalo
aravid	b	
arbeiro	b	
arbel	b	
arberth	b	
arbey	b	
arcadio	b	
arcangel	b	
arcargel	b	
arcdio	t	arcadio
arcecio	b	
arceliano	b	
arcelino	b	
arcelio	b	
arcemio	b	
arcenio	b	
arcente	b	
arcesio	b	
archi	b	
arcilio	b	
ardilio	b	
arduino	b	
are	b	
arecio	b	
areil	b	
arelio	b	
aresenio	t	arsenio
aresmildo	b	
arevalo	b	
arevelo	t	arevalo
arfidio	b	
argelino	b	
argelio	b	
argelmiro	b	
argemiro	b	
argenel	b	
argenil	b	
argenit	b	
argidio	b	
argilio	b	
argimiro	t	argemiro
argiro	b	
arguenis	b	
arialdo	b	
arian	b	
ariardo	b	
aribelso	b	
ariberto	b	
arides	b	
ariel	b	
arier	t	ariel
aries	b	
arimanta	b	
arinicio	b	
ario	b	
ariolfo	b	
ariosto	b	
aris	b	
arismeth	b	
aristalco	b	
aristarco	b	
aristaulo	b	
aristedes	b	
aristelio	b	
aristemca	b	
aristeres	b	
aristi	b	
aristibulo	t	aristobulo
aristide	t	aristides
aristides	b	
aristidez	b	
aristidis	b	
aristilio	b	
aristipo	b	
aristires	b	
aristo	b	
aristobal	b	
aristobulo	b	
aristocle	b	
aristocles	b	
aristodemos	b	
aristofenes	b	
aristomeno	b	
aristopo	b	
aristoteles	b	
aristulio	b	
ariz	b	
arizaldo	b	
arlando	t	orlando
arlecy	t	arley
arled	t	arles
arledy	b	
arlein	b	
arlen	b	
arlenio	b	
arles	b	
arley	b	
arlin	b	
arlindo	b	
arlisney	b	
arman	b	
armanado	t	armando
armando	b	
armanro	t	armando
armel	b	
armendo	t	armando
armengol	b	
armenio	b	
armes	b	
armey	b	
arminto	b	
armiro	b	
armistar	b	
arnaldo	b	
arnando	t	armando
arned	b	
arnello	b	
arnelo	b	
arney	b	
arnobi	b	
arnobio	b	
arnobis	b	
arnol	b	
arnold	b	
arnoldi	b	
arnoldo	b	
arnolfo	b	
arnovi	b	
arnovil	b	
arnubio	b	
arnuldo	b	
arnulfo	b	
arnulfom	t	arnulfo
arnuli	b	
arnuval	b	
arold	b	
aroldo	b	
aron	b	
aroon	t	aaron
arpidio	b	
arquimedes	b	
arquimeds	t	arquimedes
arquimes	t	arquimedes
arquimides	b	
arquiminio	b	
arquimino	b	
array	b	
arsecio	b	
arselio	b	
arsencio	b	
arsenico	t	arsenio
arsenio	b	
arsinio	b	
arte	b	
artemio	b	
artemo	b	
artenio	b	
arthur	b	
artidoro	b	
artturo	t	arturo
arturo	b	
artutro	t	arturo
aruelio	t	aurelio
arurelio	t	aurelio
aruturo	t	arturo
arvey	b	
asa	b	
asaac	t	isaac
asael	b	
asan	b	
asarias	b	
asbel	b	
asber	b	
ascencio	b	
ascenon	b	
asdriel	b	
asdrual	t	asdrubal
asdrubal	b	
asdrumas	b	
asdruval	b	
asenson	b	
asias	b	
asis	b	
asisclo	b	
asmed	b	
asned	b	
asrael	b	
asterio	b	
astilio	b	
astolfo	b	
astor	b	
atacio	b	
atalino	b	
atalivar	b	
atanacio	b	
atanael	b	
atanasio	b	
atenofilo	b	
ateoro	b	
atidiano	b	
atila	b	
atilano	b	
atiliano	b	
atilio	b	
atizano	b	
atoniel	b	
atonio	t	antonio
aubano	b	
aubdon	b	
auberto	b	
aubin	b	
aucely	b	
audberto	b	
audegano	b	
audel	b	
audelino	b	
audelio	b	
audelo	b	
audemar	t	aldemar
audenafo	t	audenago
audenago	b	
audias	b	
audiaz	b	
audid	b	
audiel	b	
audilio	b	
audin	b	
audivert	b	
audolonio	b	
audolono	b	
audon	b	
audonio	b	
audoro	b	
audosio	b	
audverto	b	
auflinio	b	
aufranio	b	
augisto	t	augusto
augusto	b	
auli	b	
aulineardo	b	
aulino	b	
aulio	b	
auly	b	
aune	b	
aureli	b	
aureliano	b	
aurelino	b	
aurelio	b	
aurelo	b	
auriel	b	
auripides	b	
ausalon	b	
ausberto	b	
ausgusto	t	augusto
autiniano	b	
autusto	t	augusto
auvim	t	auvin
auvin	b	
auxalon	b	
avaldo	b	
avangelino	t	evangelino
avangelista	b	
avaristo	t	evaristo
avatuel	b	
avedulio	b	
avelardo	b	
aveliano	b	
avelino	b	
avelio	b	
avencio	b	
avenicio	b	
avigail	b	
avilio	b	
avinael	b	
awaro	b	
awber	b	
awin	b	
awvin	b	
axel	b	
axiribal	b	
ayaniver	b	
ayax	b	
aydel	b	
ayende	b	
ayolman	b	
ayonel	b	
azael	b	
azarias	b	
azdrual	b	
azlonso	t	alonso
azoriel	b	
azorin	b	
babilio	b	
babino	b	
babriel	t	gabriel
bacilio	b	
badel	b	
badidt	b	
badomero	b	
baduin	b	
bagner	b	
bairo	b	
bairon	b	
balarmino	t	belarmino
balbino	b	
baldisney	b	
baldomero	b	
baldonero	b	
balduino	b	
baldur	b	
balerio	b	
ballardo	b	
balmes	b	
balmiro	b	
balmore	b	
balois	b	
baloy	b	
balsamino	b	
baltazar	b	
balvino	t	balbino
balvo	b	
banancio	t	benancio
bangel	b	
banjamin	t	benjamin
bar	b	
barbaro	b	
bardo	b	
barin	t	baron
barito	b	
barney	b	
baron	b	
baronb	t	baron
baronio	b	
barovio	b	
barquinto	b	
barr	b	
barsy	b	
bartalome	t	bartolome
bartolo	b	
bartolome	b	
basabe	b	
basilico	b	
basilio	b	
basilo	b	
batuel	b	
bauatista	t	bautista
baudelino	b	
baudelio	b	
baudilio	b	
baudilo	b	
baudlio	t	baudilio
bauitista	t	bautista
bauitosta	t	bautista
baumio	b	
baustista	t	bautista
bautisat	t	bautista
bautista	b	
bautistaq	t	bautista
bautistya	t	bautista
bautizta	t	bautista
bayardo	b	
bayron	b	
bebjamin	t	benjamin
becerly	b	
beder	b	
bedou	b	
beibar	b	
bejamin	t	benjamin
belardino	b	
belarmino	b	
belen	b	
belgmar	b	
belisario	b	
belizar	b	
belizario	t	belisario
belkin	b	
bellangel	b	
beller	b	
bellman	b	
belman	b	
belmer	b	
belmore	b	
beloen	t	belen
beltan	t	beltran
beltra	t	beltran
beltran	b	
beltraqn	t	beltran
beltrl	t	beltran
beltrn	t	beltran
bemedicto	t	benedicto
benadicto	t	benedicto
benado	b	
benajmin	t	benjamin
benancio	b	
benecdicto	t	benedicto
benecio	b	
benedicto	b	
benedigto	t	benedicto
benedito	b	
benedo	b	
beneducto	t	benedicto
beneficto	t	benedicto
benegno	t	benigno
benhur	b	
benicio	b	
benigno	b	
benildo	b	
benildu	t	benildo
benito	b	
benjam	t	benjamin
benjamin	b	
benjanin	t	benjamin
bensay	b	
benselao	b	
bentran	t	beltran
beranrdino	t	bernardino
berardo	b	
berceli	b	
bercelin	b	
bercelino	b	
bercelio	b	
bercelis	b	
bercelli	b	
bercelt	b	
bercely	b	
bercesion	b	
berdulfo	b	
beretino	b	
berlarmino	b	
berlein	b	
berley	b	
berlindo	b	
berman	b	
bernabe	b	
bernaldo	b	
bernando	t	bernardo
bernanrdino	t	bernardino
bernanrdo	t	bernardo
bernard	b	
bernardino	b	
bernardo	b	
bernardoi	t	bernardo
bernave	b	
bernet	b	
berneth	b	
berney	b	
bernhard	b	
bernulfo	b	
berny	b	
bersabeo	b	
bersalino	b	
berseli	b	
berselino	b	
berselio	b	
berto	b	
bertoldino	b	
bertoldo	b	
bertulfo	b	
bertuliano	b	
bertulio	b	
besain	b	
besarion	b	
beter	b	
betran	t	beltran
betulio	b	
bey	b	
beyamit	b	
beyeil	b	
beyel	b	
beyer	b	
beyerl	t	beyer
beymar	b	
beynaldo	b	
bhildebrando	t	hildebrando
bianco	b	
bibiano	b	
bicencio	b	
bienbenido	t	bienvenido
bienvenido	b	
bilberto	b	
billy	b	
bimberto	b	
bingo	b	
binicio	b	
binigno	b	
birgilio	b	
bismark	b	
bitaliano	b	
bitelio	b	
biviano	b	
blademir	b	
bladimir	b	
bladimiro	b	
blanid	b	
blas	b	
blass	b	
bleiser	b	
blocio	b	
blyer	b	
bolivar	b	
bolivara	t	bolivar
bolivio	b	
bollano	b	
boloivar	t	bolivar
bonarje	b	
bonifacio	b	
bonifasio	t	bonifacio
bonisalvo	b	
borga	t	borja
boris	b	
borja	b	
borjas	t	borja
borman	b	
bornay	b	
bosco	b	
bossueth	b	
bosue	b	
bosuet	b	
boy	b	
boyd	b	
bracidas	b	
brady	b	
brando	b	
brandy	b	
brango	t	brando
branley	b	
braublio	t	braulio
braudilio	b	
braulio	b	
brawen	b	
brayan	b	
braygel	b	
bredemin	t	bredemir
bredemir	b	
bresman	b	
bresneider	b	
bricelio	b	
briden	b	
brigelio	b	
brigner	b	
brijelio	b	
brimaldo	b	
briseldo	b	
briselio	b	
briter	b	
britto	b	
brnardo	t	bernardo
bruce	b	
brunegildo	b	
bruno	b	
brust	b	
bruz	b	
bsautista	t	bautista
buanaventura	t	buenaventura
buatista	t	bautista
buenabentura	t	buenaventura
buenaventura	b	
buenventura	t	buenaventura
burton	b	
butribundo	b	
byron	b	
caciano	b	
cacio	b	
cadir	b	
caelos	t	carlos
caferino	b	
calasancio	b	
caleb	b	
calixto	b	
calos	t	carlos
calrlos	t	carlos
camilo	b	
camo	t	campo
campo	b	
campoelias	b	
campos	b	
campuelias	t	campoelias
cancio	b	
candelario	b	
candido	b	
canpo	t	campo
cantalicio	b	
capitan	b	
capitolino	b	
caraciolo	b	
carasiolo	b	
cardenio	b	
care	b	
carelos	t	carlos
carlino	b	
carlnos	t	carlos
carlo	t	carlos
carloa	t	carlos
carlos	b	
carlosd	t	carlos
carlosm	t	carlos
carloss	t	carlos
carls	t	carlos
carlso	t	carlos
carmelino	b	
carmelito	b	
carmelo	b	
carmenlo	t	carmelo
carmeno	t	carmelo
carnelio	b	
carolimpo	b	
carolipo	b	
carolos	t	carlos
casiano	b	
casimiro	b	
casino	t	casiano
casrlos	t	carlos
casto	b	
castulo	b	
catalicio	b	
caterine	b	
catetano	t	cayetano
cayetano	b	
cayo	b	
cearco	b	
cecil	b	
cecilio	b	
ceclio	t	cecilio
cedar	b	
cedelio	b	
cediel	b	
cedney	b	
cedonio	b	
cedul	b	
cedulfo	b	
cedulio	b	
ceferino	b	
cein	b	
celedonio	b	
celemin	b	
celenin	b	
celenio	b	
celestin	b	
celestino	b	
celiano	b	
celiar	b	
celibrando	b	
celico	b	
celidolfo	b	
celidonio	t	celedonio
celimo	b	
celinio	b	
celino	b	
celio	b	
celis	b	
celso	b	
celson	b	
celvio	b	
cem	b	
cenen	b	
ceno	t	nacianceno
cenon	b	
ceon	b	
cerafin	b	
cerbeleon	b	
cerbulo	b	
cerdy	b	
cerilo	b	
cerley	b	
cerlos	t	carlos
certain	b	
cervando	b	
cerveleon	b	
cervelion	b	
cervilio	b	
cesa	t	cesar
cesar	b	
cesardo	b	
cesareo	b	
cesario	b	
ceso	b	
cespreo	b	
cesra	t	cesar
ceterino	b	
cetulio	b	
cevero	b	
charles	b	
charlies	t	charles
cheipy	b	
chelman	b	
chepe	b	
chico	b	
chiristian	b	
christian	b	
chucho	b	
chumer	b	
cibel	b	
ciceron	b	
cidel	b	
cidiel	b	
ciela	t	cielo
cielo	b	
cilcerio	b	
cilibrando	b	
cilio	b	
cinforoso	b	
cipriano	b	
circuncicion	b	
circuncision	b	
circunsicion	b	
ciriaco	b	
ciriano	b	
ciricio	b	
cirilo	b	
cirineo	b	
cirinio	b	
ciro	b	
cirop	t	ciro
civbel	t	civel
civel	b	
civilino	b	
clamens	b	
claret	b	
claudelio	b	
claudiano	b	
claudino	b	
claudio	b	
claver	b	
clay	b	
cldomiro	t	clodomiro
clelio	b	
clememente	b	
clemencio	b	
clemente	b	
clementino	b	
clenio	b	
cleobulo	b	
cleodevaldo	b	
cleodomilo	b	
cleogelino	b	
cleonimo	b	
cleoniomo	t	cleonimo
cleotildo	b	
cleovaldo	b	
cleovulo	b	
cleto	b	
clever	b	
climaco	b	
clinton	b	
cliover	b	
clis	t	celis
cliver	b	
cloavaldo	t	clovaldo
clobulo	b	
clodoaldo	b	
clodobaldo	b	
clodocindo	b	
clodomilo	b	
clodomiro	b	
clodosindo	b	
clodovedo	b	
clodoveo	b	
clodowaldo	b	
clodualdo	b	
clonimo	b	
cloro	t	floro
clorobeo	b	
cloromido	t	cloromiro
cloromiro	b	
clorosindo	b	
clotaldo	b	
clotario	b	
clotildo	b	
clovaldo	b	
clovez	b	
clovix	t	cloviz
cloviz	b	
coa	b	
compo	t	campo
concio	b	
conradino	b	
conrado	b	
conrrado	b	
constain	b	
constantino	b	
contantino	t	constantino
cooper	b	
corazo	t	corazon
corazon	b	
corlos	t	carlos
cornelio	b	
cortel	b	
cosdmen	b	
cosme	b	
cosmel	b	
cosmen	b	
cosmo	b	
costa	b	
costantino	b	
costodio	t	custodio
crecelio	b	
crecenciano	b	
crecencio	b	
crescencio	b	
creselio	b	
cresmindo	b	
creuz	t	cruz
criberto	b	
cricelio	b	
crinstancho	b	
cris	b	
crisanto	b	
crisantomo	b	
criseldo	b	
criselio	b	
crisistato	b	
crisolago	b	
crisolio	b	
crisolo	b	
crisologo	b	
crisontomo	b	
crisostomo	b	
crispiano	b	
crispiliano	b	
crispin	b	
crispiniano	b	
crispino	b	
crispulo	b	
crisrto	t	cristo
crist	t	cristo
cristabal	t	cristobal
cristhian	b	
cristian	b	
cristianao	t	cristiano
cristiano	b	
cristibal	t	cristobal
cristiniano	b	
cristino	t	cristiano
cristo	b	
cristoabal	t	cristobal
cristobal	b	
cristobulo	b	
cristoforo	b	
cristos	b	
cristoval	t	cristobal
cristtian	t	cristian
critobal	t	cristobal
cromacio	b	
crovaldo	b	
crsitiano	t	cristiano
crtisanto	t	crisanto
crtstobal	t	cristobal
crus	t	cruz
cruz	b	
cryspi	b	
ctruz	t	cruz
cubin	b	
cubino	b	
cudisalvo	b	
cuelio	b	
cugmercindo	t	gumercindo
cunel	b	
cupertino	b	
curz	t	cruz
custodio	b	
custorgio	b	
custudio	t	custodio
cuz	t	cruz
dabeiro	b	
dabel	b	
dadey	b	
dadiel	b	
dadley	t	darley
dagnover	b	
dagoberto	b	
daimer	b	
daimo	b	
dain	b	
dairo	b	
dairon	b	
dalis	b	
dalislao	b	
dalmiro	b	
dalmis	b	
daluvino	b	
damaceno	b	
damacio	b	
damar	b	
damaro	b	
damaseno	b	
damaso	b	
damazo	b	
dame	b	
damiam	t	damian
damian	b	
damiel	b	
damocio	b	
dan	b	
dana	b	
danbiel	b	
dancracio	b	
danecio	b	
danes	b	
danesio	b	
daney	b	
dangel	t	angel
dani	b	
daniel	b	
danilo	b	
danilos	b	
danir	b	
danislao	b	
dannai	b	
danny	b	
dante	b	
danuel	t	daniel
danulfo	b	
dany	b	
danyer	b	
darbey	b	
darcio	b	
dareio	t	dario
darey	b	
dariel	b	
dario	b	
darlely	b	
darley	b	
darnel	b	
dartagnan	b	
darvelin	b	
darwin	b	
dasilio	b	
daver	b	
davey	b	
davial	b	
davian	b	
david	b	
davidson	b	
daviel	b	
davinson	b	
davio	b	
davis	b	
davisd	t	david
dayer	b	
dayiber	b	
dayro	b	
dayron	b	
dayvis	b	
ddel	t	del
deanilo	t	danilo
deber	b	
deciderio	b	
decio	b	
declo	b	
deel	t	del
degracias	t	deogracias
degundo	t	segundo
deiby	b	
deibys	b	
deilberto	t	edilberto
deiner	b	
deiro	b	
deisderio	t	desiderio
deison	b	
deive	b	
deiver	b	
deivis	b	
deivy	b	
dejario	b	
dek	b	
del	b	
delaney	b	
delascar	b	
delbray	b	
delfidio	b	
delfin	b	
delfino	b	
delfor	b	
delfos	b	
delicio	b	
delie	b	
delio	b	
dell	t	del
delmad	t	delmar
delmar	b	
delmo	b	
delsio	b	
delso	t	celso
delver	b	
delves	b	
delvio	b	
delvis	b	
demacrito	t	democrito
demaetrio	t	demetrio
demaro	b	
demecio	b	
demetrio	b	
demetro	t	demetrio
demides	b	
demitrio	t	demetrio
democrito	b	
demofilo	b	
demogeno	b	
denarco	b	
denis	b	
deniz	t	denis
dennis	b	
denny	b	
denoir	b	
denovides	b	
denys	b	
deocracias	b	
deogracias	b	
deograsias	b	
deomedea	t	deomedes
deomedes	b	
derian	b	
derik	b	
derley	b	
derman	b	
derney	b	
dervis	b	
derwin	b	
deseado	b	
deside	b	
desidel	b	
desiderio	b	
desidero	b	
desimaco	b	
desisderio	t	desiderio
desposorio	b	
deubier	b	
dew	b	
deyber	b	
deybi	b	
deyer	b	
deynis	t	denys
deyson	b	
deyver	b	
deyvi	b	
deyvis	b	
dezio	b	
dfel	t	del
dian	b	
diani	b	
dianir	b	
dianthe	b	
dibel	b	
diberto	b	
dibiel	b	
dibrail	b	
dickson	b	
diclo	b	
didacio	b	
didel	t	fidel
dider	t	didier
didier	b	
didimo	b	
didino	t	didimo
didio	b	
dido	b	
diego	b	
diegoberto	b	
diesi	b	
dieter	b	
digna	b	
dignory	b	
digoberto	t	rigoberto
digson	b	
dilber	b	
dilberto	b	
dilca	b	
dilfo	b	
dilfredo	b	
dilgen	b	
dilio	b	
dilmar	b	
dilmer	b	
dilmo	b	
dilso	b	
dilson	b	
dilvar	b	
dilver	b	
dimael	b	
dimar	b	
dimaro	b	
dimas	b	
dimedes	t	diomedes
dimendo	b	
dimer	b	
dimingo	t	domingo
dimoedes	t	diomedes
dinael	b	
dinicio	b	
dino	b	
dio	t	dios
dioa	t	dios
diobiseldo	b	
diocecino	b	
dioceteo	b	
diocides	b	
diocindo	b	
diociteo	b	
dioclesiano	b	
dioclides	b	
dioclies	b	
diocliris	t	dioclides
diocracias	b	
diofanor	b	
diofre	b	
diogenes	b	
diogenez	b	
diogines	b	
dioginio	b	
diognes	t	diogenes
diol	b	
diomedes	b	
diomeno	b	
diomer	b	
diomero	b	
diomgenes	t	diogenes
dionalfo	b	
dionel	b	
diones	b	
dionicio	b	
dioniseldo	b	
dionisio	b	
dionso	t	dionisio
diony	b	
diopoldo	b	
dioquino	b	
dios	b	
diosalvo	b	
diosde	b	
diose	t	diosde
diosefren	b	
diosel	b	
dioseliano	b	
dioselino	b	
diosemel	b	
dioseso	b	
diosifreo	b	
diositeo	t	dositeo
diosmand	b	
diosued	b	
diosvelio	b	
diotimo	b	
diovaldo	b	
dioviceldo	b	
diovigildo	b	
dioviseldo	b	
dioxides	t	diocides
diquel	b	
diran	t	duran
disiderio	t	desiderio
disimaco	b	
dismael	b	
disnel	b	
disney	b	
diudicel	b	
diuman	b	
diuver	b	
diuvigildo	b	
divagner	b	
divan	b	
divanier	b	
dixon	b	
dl	t	del
dladimir	t	vladimir
dle	t	del
dluis	t	luis
dniel	t	daniel
dociderio	b	
dociteo	b	
dogracias	t	deogracias
dohomer	b	
dolcey	b	
doles	b	
dolfus	b	
dolmar	b	
domar	b	
domiciano	b	
domil	b	
domilciano	b	
domimgo	t	domingo
domindgo	t	domingo
domindo	t	domingo
domingo	b	
dominico	b	
domisiano	b	
don	b	
donaciano	b	
donal	b	
donaldo	b	
donaldoi	t	donaldo
donato	b	
donatos	t	donato
donay	b	
donel	b	
donelio	b	
doney	b	
donifan	b	
donnelly	b	
dony	b	
doralio	b	
dorcas	b	
dorian	b	
dorie	b	
dorigen	b	
dorisiano	b	
dorman	b	
doroteo	b	
doryan	b	
dositeo	b	
dotnato	t	donato
douglas	b	
dowblas	t	douglas
dowell	b	
dredy	t	fredy
drejelio	t	drigelio
drigelio	b	
dromairo	b	
duaergen	b	
duardo	t	eduardo
duban	b	
dubay	b	
dubel	b	
duber	b	
duberneth	b	
dubiel	b	
dubier	b	
dubley	b	
duby	t	ruby
ducardo	b	
dueley	b	
dueneri	b	
dufain	b	
dufay	t	duffay
duffay	b	
duglas	t	douglas
dugo	t	hugo
duicler	b	
duiliam	b	
duilian	b	
duiliar	b	
duillan	b	
duimo	b	
duiyin	b	
dulcenas	b	
dulcey	b	
dulcidio	b	
dulcinio	b	
dulcirio	b	
dulfa	b	
dulfo	b	
dulio	b	
dulver	b	
dumael	b	
duman	b	
dumar	b	
dumas	b	
dumaz	t	dumas
dumer	b	
dunny	b	
duqueiro	b	
dura	t	duran
durain	t	duran
dural	t	duran
duram	t	duran
duran	b	
dureliano	b	
durelio	b	
durfay	b	
durlan	b	
durlandy	b	
durley	b	
dustani	t	dustano
dustano	b	
duval	b	
duvan	b	
duvay	b	
duver	b	
duverney	b	
duvert	b	
duvertino	b	
duvier	b	
duvigildo	b	
duzman	t	guzman
duztano	t	dustano
dydier	b	
dzas	t	dios
ebangelista	t	evangelista
ebelardo	t	abelardo
ebelio	b	
ebelsio	b	
ebelso	b	
eber	b	
ebert	b	
eberto	b	
ebidalio	b	
ebrail	b	
ebrando	b	
ecar	b	
eccehomo	b	
eccelino	b	
eccelio	b	
ecceomo	b	
ecediel	b	
ecehomo	b	
ecelino	b	
ecid	b	
ecipion	b	
eclemente	t	clemente
ecnan	t	hernan
ector	t	hector
ecxehomo	b	
ed	b	
edagar	t	edgar
edanilso	b	
edaor	t	edgar
edbenson	b	
edberto	b	
edder	b	
eddie	b	
eddiel	b	
eddier	b	
eddy	b	
edelberto	b	
edelio	b	
edelman	b	
edelmar	b	
edelmiro	b	
edelmundo	b	
edemiro	b	
eden	b	
edencio	b	
eder	b	
ederley	b	
edga	t	edgar
edgar	b	
edgard	t	edgar
edgardi	t	edgardo
edgardo	b	
edgart	b	
edgr	t	edgar
edhy	b	
edibardo	b	
ediberto	b	
edickson	b	
edicson	b	
edicsson	b	
edie	b	
ediel	b	
edier	b	
edil	b	
edilama	t	edilma
edilbardo	b	
edilbely	b	
edilberto	b	
edilbesio	b	
edilbeto	t	edilberto
edilbewrto	t	edilberto
edilbio	t	edilio
edilborto	t	edilberto
edilbrando	b	
edilburto	t	edilberto
edilcio	b	
edilfo	b	
edilfonso	b	
edilfredo	b	
edilio	b	
edilma	b	
edilman	b	
edilmar	b	
edilme	t	edilma
edilmer	b	
edilmo	b	
edilsen	t	edilson
edilso	b	
edilson	b	
edilto	b	
edilton	b	
edilver	b	
edilverto	t	edilberto
edimaco	b	
edimael	b	
edimer	b	
edinael	b	
edinso	t	edison
edinson	b	
edinsson	t	edinson
ediocles	b	
ediosto	b	
edioviceldo	b	
edirlando	b	
edison	b	
edisson	b	
edivelso	b	
ediver	b	
ediwn	t	edwin
edixon	b	
ediyamid	b	
ediyofany	b	
edmar	b	
edmel	b	
edmon	b	
edmumdo	t	edmundo
edmundo	b	
edner	b	
edosio	b	
edouard	t	eduard
edrey	b	
edriano	t	adriano
edsel	b	
edsgardo	b	
edson	b	
eduaardo	t	eduardo
eduan	b	
eduar	b	
eduard	b	
eduardino	b	
eduardo	b	
eduardop	t	eduardo
eduaro	t	eduardo
eduayme	b	
edubiges	t	eduviges
edubijes	t	eduviges
edubin	b	
edubino	b	
educardo	t	eduardo
edudoro	t	eudoro
eduel	b	
eduen	t	eden
eduerdo	t	eduardo
eduhin	t	edwin
eduilmar	b	
eduin	b	
edul	b	
edulfo	b	
edumin	b	
edurado	t	eduardo
edurdo	t	eduardo
edurt	b	
eduver	b	
eduverly	b	
eduviges	b	
eduvigis	t	eduviges
eduvijes	t	eduviges
eduvin	b	
eduvino	b	
eduwin	b	
edver	t	ever
edvin	t	edwin
edwar	b	
edward	b	
edwin	b	
edwuard	t	edward
edwuin	t	edwin
edy	b	
edyn	b	
edzon	b	
eedgar	t	edgar
efelenio	b	
efeminiano	b	
efeso	b	
efidio	b	
efigenio	b	
efraim	t	efrain
efrain	b	
efran	t	efrain
efredy	t	fredy
efreen	t	efren
efren	b	
efrey	b	
efrian	b	
egar	t	edgar
egidio	b	
egilberto	b	
egustavo	t	gustavo
eibar	b	
eidelfonso	t	idelfonso
eidelma	t	edilma
eidelman	b	
eider	b	
eilises	t	ulises
eilmo	t	elmo
eilson	b	
eimar	b	
eimenio	b	
einar	b	
einer	b	
einson	b	
eipmenio	t	epimenio
eisenower	b	
eivan	t	ivan
eixon	b	
el	b	
elacio	b	
eladi	b	
eladin	b	
eladio	b	
elain	b	
elasio	b	
elavio	t	eladio
elbar	b	
elbardo	t	elibardo
elbecio	b	
elber	b	
elbert	b	
elberth	b	
elbertht	t	elberth
elberto	t	alberto
elbes	b	
elciario	b	
elcias	b	
elcicer	t	eliecer
elcides	b	
elder	b	
eldibrando	b	
eldivedis	b	
eldo	b	
eldy	b	
eleacer	t	eleazar
eleades	t	eliades
eleasa	t	eleazar
eleasar	t	eleazar
eleazar	b	
eleazer	t	eleazar
elecier	t	eliecer
electo	b	
eledio	t	eladio
eleicen	t	eliecer
eleicer	t	eliecer
elek	b	
elemir	b	
eleno	b	
eleo	b	
eleodoro	b	
elepterio	b	
elesmir	b	
elesve	b	
eleterio	b	
eleucadio	b	
eleutario	b	
eleuterio	b	
eleuto	b	
eleutrio	t	eleuterio
elev	b	
elevi	b	
elexander	t	alexander
elexi	t	alexi
elexio	b	
elfar	b	
elfidio	b	
elfo	b	
elger	b	
eli	b	
elia	t	elias
eliabel	b	
eliabelis	b	
eliacin	b	
eliadas	b	
eliades	b	
eliadio	t	eladio
eliam	b	
elias	b	
eliaz	t	elias
elibardo	b	
eliberieth	b	
eliberto	b	
elibet	b	
elibier	b	
elibrando	b	
elicelio	b	
eliceo	b	
elicer	t	eliecer
elicerio	b	
elicero	t	elicerio
eliciario	b	
elicindo	b	
elicinio	b	
elicio	b	
eliderman	b	
elidio	b	
elidoro	t	heliodoro
eliecer	b	
eliel	b	
elier	b	
elieser	t	eliecer
eliever	b	
eliezer	b	
elifonso	b	
eligerio	b	
eligio	b	
elinarco	b	
elio	b	
eliodoro	b	
elios	b	
elircer	t	eliecer
elirio	t	alirio
elisander	b	
eliseo	b	
eliserio	b	
elisio	b	
eliu	b	
eliud	b	
eliuth	b	
elivaniel	t	livaniel
elivar	b	
elivardo	b	
eliver	b	
eliverto	b	
elizandro	t	lizandro
elker	b	
elkim	t	elkin
elkin	b	
elky	b	
ellis	b	
elman	b	
elmar	b	
elmer	b	
elminson	b	
elmo	b	
elmor	b	
elmy	b	
elodio	b	
elogio	b	
eloguio	t	elogio
eloin	b	
eloy	b	
elpidio	b	
elqui	b	
elquidio	b	
elquin	b	
elquis	b	
elso	b	
elson	b	
elubin	b	
elvar	b	
elve	t	elver
elvecer	b	
elvecio	b	
elvencio	b	
elver	b	
elverth	b	
elverthg	t	elverth
elverto	b	
elvi	b	
elvid	b	
elvin	b	
elvio	b	
elviro	b	
elvis	b	
ely	b	
emanuel	b	
ember	b	
emdigdio	t	emigdio
emedio	t	emidio
emegdio	t	emigdio
emel	b	
emelecio	b	
emelio	b	
emercio	b	
emeregildo	b	
emerejildo	t	emeregildo
emerico	b	
emerio	b	
emero	b	
emerson	b	
emeterio	b	
emetodio	t	emeterio
emetrio	t	emeterio
emidgio	t	emigdio
emidio	b	
emigalo	b	
emigdio	b	
emigidio	t	emigdio
emigio	b	
emil	b	
emilcar	b	
emildo	b	
emile	b	
emiliano	b	
emiliio	t	emilio
emilio	b	
emilo	t	emilio
emilso	b	
emilson	b	
emilton	t	milton
emir	b	
emiro	b	
emisael	t	misael
emitolio	b	
emliano	t	emiliano
emmanuel	b	
emmel	b	
empidio	b	
empido	t	empidio
empireo	b	
empitio	t	empidio
emulio	t	emilio
enain	b	
enairo	t	jairo
enario	b	
encisar	t	ancizar
endora	b	
endrix	b	
enel	b	
enelcito	b	
eneldo	b	
enelfico	t	enelcito
ener	b	
enerio	b	
enerique	t	enrique
enfelberto	t	angelberto
engelberto	b	
enidio	b	
enie	b	
enilson	b	
enin	b	
enio	b	
enirique	t	enrique
enoc	b	
enock	b	
enoe	t	noe
enor	b	
enorio	b	
enovidio	t	ovidio
enrico	b	
enricqo	t	enrico
enriique	t	enrique
enriqe	t	enrique
enriqiue	t	enrique
enriqu	t	enrique
enrique	b	
enriquue	t	enrique
enrrique	t	enrique
ensul	b	
enyer	b	
eoilma	t	edilma
eon	t	leon
eopulerio	t	epulerio
epamimondas	t	epaminondas
epaminonda	t	epaminondas
epaminondas	b	
eparqio	t	eparquio
eparquio	b	
epifamio	t	epifanio
epifaneo	t	epifanio
epifanio	b	
epigmenio	b	
epima	b	
epimaco	b	
epimenio	b	
epimio	b	
epolidoro	b	
epulerio	b	
epuleyo	t	apuleyo
equileo	t	aquileo
eraclio	b	
eraclito	b	
eradio	t	eladio
eraldo	b	
eralido	t	eraldo
eramismo	t	erasmo
eran	b	
eranio	b	
erapulo	b	
erardo	b	
erasmo	b	
erazmo	t	erasmo
erbin	b	
ercilio	b	
erdgar	t	edgar
erdulfo	b	
erdwin	b	
eresmildo	b	
eresmindo	b	
eresmiro	b	
eresmith	b	
eresto	t	ernesto
erevalo	t	arevalo
eribaldo	b	
eriberto	b	
eric	b	
erich	b	
erick	b	
eriel	b	
erik	b	
erimarco	b	
erin	b	
erinarco	b	
ering	b	
erinson	b	
erisaldo	b	
erisanto	b	
erison	b	
eriven	b	
erizon	b	
erlen	b	
erley	b	
ermelindo	b	
ermenegildo	b	
ermenilso	b	
ermeregildo	b	
ermerejildo	t	ermeregildo
ermes	b	
ermides	b	
ermidez	t	ermides
ermidio	b	
ermilson	b	
erminio	b	
erminso	b	
erminson	b	
erminzo	b	
ermis	b	
ermison	b	
ermito	b	
ermofilo	b	
ermogenes	b	
ernado	b	
ernaldo	b	
ernan	t	hernan
ernando	t	hernando
erneesto	t	ernesto
erneldo	b	
ernes	b	
ernesro	t	ernesto
ernestino	b	
ernesto	b	
ernestor	t	ernesto
erney	b	
ernmesto	t	ernesto
ernnesto	t	ernesto
ersilio	b	
ersmo	t	erasmo
erson	b	
erubin	b	
eruin	b	
ervecio	b	
ervey	b	
ervin	b	
erwin	b	
erwing	t	erwin
ery	b	
esamin	t	samir
esamir	t	samir
esau	b	
esauc	t	esau
esaul	b	
esbardo	b	
esbon	b	
escequiel	b	
escipion	b	
escolastico	b	
esduar	b	
esduardo	t	eduardo
esediel	b	
esedin	b	
eselino	b	
esequias	b	
esequiel	b	
esgar	t	edgar
esgardo	b	
esiderio	b	
esilivan	b	
esmed	b	
esmer	b	
esmeragido	b	
esmeraldo	b	
esmerardo	t	merardo
esmith	b	
esnchidert	b	
esned	b	
esneider	b	
esnin	b	
esnoraldo	b	
espedicto	b	
espedito	b	
espeucipo	b	
espimenio	b	
espirito	b	
espiritu	b	
espirituo	t	espiritu
espititu	t	espiritu
esporio	b	
esposario	b	
estanilado	t	estanislao
estanislado	t	estanislao
estanislao	b	
estaquio	t	eustaquio
estasnislado	t	estanislao
estebal	t	esteban
estebam	t	esteban
esteban	b	
estefano	b	
esteiro	b	
estevan	t	esteban
esteven	b	
estiritu	t	espiritu
estiven	b	
estivenson	b	
estiwar	b	
estorgio	b	
estourofilo	t	esturofilo
esturofilo	b	
esturofulo	t	esturofilo
esuperio	b	
esurado	b	
esvan	b	
esvar	b	
esverth	b	
etelberto	b	
etelvian	b	
eteneodoro	b	
etero	b	
ethelberto	b	
euatimio	t	eutimio
euberto	b	
eubilver	b	
eubin	b	
eubulo	b	
eucardo	b	
eucario	b	
eucebio	t	eusebio
eucimio	b	
eucinio	b	
euclides	b	
eudacio	b	
eudaldo	b	
eudberto	b	
eudelio	b	
euder	b	
eudes	b	
eudilio	b	
eudimer	b	
eudo	b	
eudocio	b	
eudofilo	b	
eudolio	b	
eudor	t	eudoro
eudorcio	b	
eudore	t	eudoro
eudoro	b	
eudosio	b	
eufemiano	b	
eufracio	b	
eufragio	b	
eufranio	b	
eufrasio	b	
eugelio	b	
eugeniano	b	
euladio	t	eladio
eulalio	b	
eulicer	b	
eulices	b	
euligio	b	
eulilio	t	eudilio
eulises	b	
eulixis	t	eulises
eulofia	t	eulogio
eulogio	b	
euly	b	
eumelio	b	
eunil	b	
euquitiano	t	eutiquiano
euripe	b	
euripedes	t	euripides
euripides	b	
euripidez	t	euripides
euriples	t	euripides
eurquides	t	euripides
eusabio	t	eusebio
eusebio	b	
eusevio	t	eusebio
eusfred	b	
eustacio	b	
eustaqio	t	eustaquio
eustaquio	b	
eustasio	b	
eusterio	b	
eustiquio	b	
eustofilo	b	
eustogio	b	
eustolgio	b	
eustoquio	t	eustaquio
eustor	b	
eustorgio	b	
eutaquiano	t	eutiquiano
eutelinio	b	
eutequiano	b	
eutimio	b	
eutinio	b	
eutiquiano	b	
euvilde	b	
euvin	b	
euvinio	b	
evandro	b	
evangelino	b	
evangelio	b	
evangelisata	t	evangelista
evangelista	b	
evangelistas	t	evangelista
evanister	b	
evar	b	
evaristo	b	
evel	b	
evelino	b	
evelio	b	
eveluio	t	evelio
evencio	b	
evenzo	b	
ever	b	
everando	t	everardo
everardo	b	
evergisto	b	
evergito	t	evergisto
everio	b	
everlindo	b	
evero	b	
evers	t	ever
everson	b	
everst	t	evert
evert	b	
everth	b	
everto	b	
everzan	b	
everzon	b	
evi	b	
evidadaleo	t	evidalio
evidalio	b	
evilacio	b	
evilialdo	b	
evito	b	
evodio	b	
ewdes	b	
exadonel	b	
exander	b	
excediel	b	
excedomo	t	excehomo
excehober	b	
excehomo	b	
exceliano	b	
excelino	b	
excenomo	t	exehomo
exceomo	t	excehomo
excipion	t	escipion
exediel	b	
exedomo	t	excehomo
exehoma	t	excehomo
exehomo	b	
exehover	b	
exelino	b	
exelman	b	
exenhower	b	
exenider	t	exneider
exenober	b	
exenover	b	
exeomo	b	
exequiel	t	ezequiel
eximaco	b	
exneider	b	
exodomo	t	excehomo
exonover	t	exenover
expedicto	t	expedito
expedito	b	
expidito	t	expedito
eydelver	b	
eyen	t	yen
eyesid	t	yesid
eyman	b	
eymer	b	
eyner	b	
eyver	b	
ezediel	t	cediel
ezequias	b	
ezequiel	b	
ezeuiel	t	ezequiel
faaustino	t	faustino
fabel	b	
faber	b	
fabi	b	
fabiam	t	fabian
fabian	b	
fabiano	b	
fabiel	b	
fabio	b	
fablino	b	
fabre	t	faber
fabriano	b	
fabriany	b	
fabriciano	b	
fabricio	b	
fabustino	t	faustino
facio	b	
facumdo	t	facundo
facundo	b	
fadul	b	
fahed	b	
fahusly	b	
fair	t	jair
faiver	b	
falfonso	t	alfonso
fali	t	ali
falipe	t	felipe
fancer	b	
fanco	t	franco
fander	b	
fanin	b	
fanner	b	
fanor	b	
faraon	b	
farid	b	
farit	t	farid
farith	b	
farley	b	
farman	t	ferman
farudt	b	
fasion	t	fosion
faubriciano	t	fabriciano
faudel	b	
fauder	b	
faudiciano	b	
fauistino	t	faustino
faumel	b	
fauner	b	
fauntner	b	
faurian	b	
fauricio	t	mauricio
fauster	b	
faustino	b	
fausto	b	
faux	b	
faviano	b	
favio	b	
favundo	t	facundo
faxulen	b	
fayney	b	
febe	t	feber
feber	b	
fedeligno	t	fideligno
federico	b	
federman	b	
federmin	b	
fedy	t	fredy
feiber	b	
feimar	b	
feis	t	felix
feiver	b	
feix	t	felix
felber	b	
felder	b	
felexis	t	felix
felibardo	b	
feliciano	b	
felimon	b	
felinarco	b	
felipe	b	
felipez	t	felipe
felirto	b	
feliux	t	felix
felix	b	
felixiano	t	feliciano
feliz	b	
felly	b	
fenedy	t	fredy
fenicio	b	
fenix	b	
feqlix	t	felix
ferardo	t	gerardo
ferde	b	
ferdinan	b	
ferdinand	b	
ferdinando	b	
ferlein	b	
ferley	b	
ferlin	t	ferlein
ferman	b	
fermin	b	
fermn	t	fermin
fermnin	t	fermin
fernan	b	
fernandin	b	
fernandino	b	
fernay	t	ferney
fernel	b	
fernelly	b	
fernely	b	
ferneth	b	
ferney	b	
fernin	t	fermin
fernney	t	ferney
ferrel	b	
ferrer	b	
ferson	b	
feyber	b	
feyer	b	
fguillermo	t	guillermo
fidcel	t	fidel
fidel	b	
fidelicio	b	
fideligno	b	
fidelino	b	
fidelio	b	
fidelogno	t	fideligno
fidemon	t	filemon
fidenalco	b	
fidenciano	b	
fidencio	b	
fidias	b	
fidolo	b	
figuio	b	
fil	t	gil
filadelfo	b	
filandro	b	
fildel	b	
fildor	b	
filemom	t	filemon
filemon	b	
filiberto	b	
filio	b	
filogenio	b	
filomeno	b	
fitzgerald	b	
flabiano	b	
flabio	b	
flady	b	
flailo	t	flavio
flamenio	t	flaminio
flamimio	t	flaminio
flamingo	b	
flaminio	b	
flamio	t	flaminio
flandy	b	
flanimio	t	flaminio
flaninio	t	flaminio
flaviano	b	
flavio	b	
fletcher	b	
flminio	t	flaminio
flodipedez	b	
floel	b	
floer	b	
floilan	t	froilan
floran	b	
floremiro	b	
florencio	b	
florentiano	b	
florentimo	t	florentino
florentin	b	
florentino	b	
florentio	t	florentino
floresmero	t	floresmiro
floresmildo	b	
floresmilo	b	
floresmindo	b	
floresmiro	b	
floreto	b	
florian	b	
floriano	b	
floriber	b	
floriberto	b	
floribiano	b	
floridiano	b	
florin	t	florian
florindo	b	
florinto	b	
floripidez	b	
florisberto	b	
florismido	b	
floriviano	b	
floro	b	
flover	b	
flower	t	flover
floylan	t	froylan
flpe	t	felipe
flrian	t	florian
fluvio	b	
focion	b	
foel	t	joel
forbes	b	
forge	t	jorge
foriberto	t	floriberto
fortool	b	
fortul	b	
fortunato	b	
fory	b	
fosion	b	
fostul	b	
fouad	b	
foyer	b	
fraceli	b	
frady	t	fredy
fraibel	b	
fraimer	b	
frais	b	
fraklin	t	franklin
fran	b	
franceli	b	
francelias	b	
francelino	b	
francely	b	
franchesco	b	
francis	b	
francklin	b	
franclin	t	franklyn
franclyn	t	franklyn
franco	b	
francos	t	franco
frander	b	
frandes	b	
frandey	b	
frandider	b	
franio	b	
frank	b	
franki	b	
frankiln	t	franklin
frankin	t	franklin
franklimn	t	franklin
franklin	b	
franklinger	b	
frankly	b	
franklyn	b	
franky	b	
franley	b	
franqui	b	
franquil	t	franqui
franquio	t	franqui
franquiz	t	franqui
franys	b	
franz	b	
fraugner	b	
frax	b	
fray	b	
fred	b	
freddy	b	
freder	b	
frederic	b	
fredi	b	
fredil	t	fredi
fredilberto	b	
fredin	b	
fredis	t	fredi
fredy	b	
fredyn	b	
freedy	t	fredy
frei	b	
freid	t	fredi
freidy	b	
freiner	b	
freney	t	ferney
frey	b	
freyman	b	
frnaco	t	franco
frnco	t	franco
frnklin	t	franklin
frodilan	t	froilan
froilan	b	
frorentino	t	florentino
froylan	b	
frucruoso	t	fructuoso
fructoso	b	
fructuoso	b	
fruto	b	
frutoso	t	fructoso
fuath	b	
fuctuoso	t	fructuoso
fuillermo	t	guillermo
fulberto	b	
fulbio	t	fulvio
fulco	b	
fulgencio	b	
fulton	b	
fulvio	b	
fundisalvo	b	
fustino	b	
gabiel	t	gabriel
gabino	b	
gabreil	t	gabriel
gabrial	t	gabriel
gabriel	b	
gabrielino	b	
gacilian	b	
gadriel	t	gabriel
galban	t	galvan
galfredo	t	alfredo
galiano	b	
galiguer	b	
galo	b	
galvan	b	
gamadiel	b	
gamaliel	b	
gamandiel	t	gamadiel
gamaniel	b	
gamel	b	
ganay	b	
ganzalo	t	gonzalo
gariel	t	gabriel
gary	b	
gaspar	b	
gaston	b	
gaudencia	b	
gaudencio	b	
gavino	b	
gaviotas	b	
gavriel	t	gabriel
geber	b	
geffer	b	
gegsilman	b	
gehoba	b	
geibar	b	
geiber	b	
geider	b	
geimar	b	
geiner	b	
geiny	b	
geirle	b	
geirler	b	
geiver	b	
gelacio	b	
gelasio	b	
gelber	b	
gelbert	b	
gelberto	t	gilberto
gelman	b	
gelmar	b	
gelmen	b	
gelmes	b	
gelmo	b	
gelmon	b	
gelver	b	
gelvi	b	
gelvid	b	
gemay	b	
gember	b	
geminiano	b	
genaldo	b	
genaro	b	
gendri	b	
gendry	b	
gene	b	
genen	b	
gener	b	
generao	t	genaro
gengis	b	
genner	b	
genovel	b	
genoves	b	
genovez	t	genoves
genrry	t	genry
genry	b	
genubio	b	
geobany	b	
geobel	b	
geoberto	b	
george	b	
georges	b	
georgino	b	
geova	b	
geoval	b	
geovan	b	
geovani	b	
geovanid	t	geovani
geovanni	b	
geovanny	b	
geovany	b	
geral	b	
geramias	t	geremias
gerando	t	gerardo
gerarde	b	
gerardino	b	
gerardo	b	
geraro	t	genaro
gerbacio	b	
gereman	t	german
geremias	b	
gereneldo	b	
geres	b	
gerisaldo	b	
gerlein	b	
gerley	b	
germam	t	german
german	b	
germen	t	german
germes	t	hermes
germin	t	fermin
geronimo	b	
gerral	b	
gerrardo	t	gerardo
gersael	b	
gersain	b	
gersan	b	
gerson	b	
gervacio	b	
gervando	b	
gervasio	b	
gerzain	b	
gerzan	b	
gerzon	b	
getulio	b	
gherman	t	german
ghiraldo	t	giraldo
ghustavo	t	gustavo
giancarlo	b	
gianluca	b	
giarvanny	b	
gibelio	b	
gil	b	
gilardo	t	gildardo
gilbardo	t	gildardo
gilber	b	
gilberanio	b	
gilbert	b	
gilberto	b	
gilberzon	b	
gilbesanio	b	
gilbeto	t	gilberto
gilbo	b	
gilbrto	t	gilberto
gilc	t	gil
gildardo	b	
gilena	b	
gilio	b	
giliver	b	
gillermo	t	guillermo
gilmar	b	
gilmarino	b	
gilmer	b	
gilsen	b	
gilson	b	
gilver	b	
gimber	b	
gimel	b	
gimeno	b	
giobany	b	
giomar	b	
gionanny	t	giovanny
giordano	b	
giovahhy	t	giovanny
gioval	b	
giovani	b	
giovanne	t	giovanni
giovanni	b	
giovanny	b	
giovany	b	
gipson	b	
giraldo	b	
giraldor	t	giraldo
giralfo	t	giraldo
giraud	b	
giro	b	
giuillermo	t	guillermo
gladimit	b	
gladio	b	
gladymir	t	vladimir
glauco	b	
glen	b	
glicerio	b	
gliserio	b	
gliverio	t	oliverio
gloriberto	b	
gloydover	b	
gobardo	b	
godofredo	b	
goevany	t	geovany
goliat	b	
golman	b	
gonalo	t	gonzalo
gonsalo	t	gonzalo
gonzaga	b	
gonzales	b	
gonzalo	b	
gordon	b	
gorgonio	b	
gover	b	
gozalo	t	gonzalo
grabiel	t	gabriel
grabriel	t	gabriel
graceliano	t	graciliano
gracialiano	t	graciliano
gracian	b	
graciano	b	
graciario	t	graciano
gracielano	t	graciliano
graciliano	b	
gracino	t	graciano
gracio	b	
graco	b	
gradelfi	b	
gragorio	t	gregorio
grant	b	
grasciolo	b	
grasiliano	t	graciliano
gratianiano	b	
gratiano	b	
gratiliano	b	
gratiniano	b	
gravely	b	
gregorio	b	
gregorioi	t	gregorio
gregory	b	
gregotio	t	gregorio
greogorio	t	gregorio
grey	b	
grgorio	t	gregorio
griceldino	b	
griceldo	b	
gricelio	b	
grijaldo	t	giraldo
grimaldo	b	
grinaldo	t	grimaldo
griseldino	b	
griseldo	b	
griseliano	b	
griselio	b	
griserio	b	
grover	b	
gualberto	b	
guandisalvo	b	
guastavo	t	gustavo
guatavo	t	gustavo
guber	b	
gudoxio	b	
guelmer	b	
guerly	b	
gueyler	b	
gugo	t	hugo
guido	b	
guignardo	b	
guildardo	t	gildardo
guilermo	t	guillermo
guilklermo	t	guillermo
guillemo	t	guillermo
guilleremo	t	guillermo
guillermmo	t	guillermo
guillermo	b	
guillermoa	t	guillermo
guillermoi	t	guillermo
guillerno	t	guillermo
guillevaldo	b	
guilllermo	t	guillermo
guimar	t	guiomar
guiomar	b	
guiovani	t	giovani
guiovanny	t	giovanny
guiovany	b	
guiraldo	t	giraldo
guizman	t	guzman
gulber	b	
guldisalvo	b	
gullermo	t	guillermo
guman	t	guzman
gumercendo	t	gumercindo
gumercindo	b	
gumercino	t	gumercindo
gumercio	b	
gumersindo	b	
gunaisalvo	t	gundisalvo
gundisalbo	t	gundisalvo
gundisaldo	t	gundisalvo
gundisalvo	b	
gundisavo	t	gundisalvo
gunter	b	
gusravo	t	gustavo
gusta	t	gustavo
gustado	t	gustavo
gustao	t	gustavo
gustava	t	gustavo
gustavo	b	
gustgavo	t	gustavo
gustimber	b	
gustvo	t	gustavo
gutavo	t	gustavo
guver	b	
guy	b	
guzaman	t	guzman
guzman	b	
guzmna	t	guzman
habacuc	b	
habacut	t	habacuc
habadub	t	habacuc
habrahan	t	abrahan
hactor	t	hector
hader	b	
haiden	b	
haider	b	
hair	b	
halabi	b	
halmer	b	
halmiton	t	hamilton
hames	t	james
hamilton	b	
handerly	b	
haner	b	
hans	b	
hansel	b	
hanuario	b	
haracio	t	horacio
harbey	b	
hardouin	b	
harisson	b	
harith	b	
harlen	b	
harley	b	
harnaldo	b	
harol	b	
harold	b	
harrison	b	
harry	b	
harum	b	
harvey	b	
harvis	b	
harvy	b	
hasbel	b	
hasman	b	
hassan	b	
hassis	b	
hasson	b	
haver	b	
hawer	b	
hawerd	b	
hayder	b	
hayter	b	
hayther	b	
hctor	t	hector
heber	b	
hebert	b	
heberth	b	
heberto	b	
heccehomo	t	eccehomo
hecedonio	b	
hecor	t	hector
hectior	t	hector
hectir	t	hector
hecto	t	hector
hector	b	
hectro	t	hector
heder	b	
hedilbrando	t	hildebrando
hedilfonso	t	hidelfonso
heditson	b	
heduerney	b	
hedy	b	
heibar	b	
heiber	b	
heiby	b	
heiddy	t	heidy
heidelberg	b	
heider	b	
heidisson	b	
heidy	b	
heiko	b	
heiler	b	
heimar	b	
heinar	b	
heinel	b	
heiner	b	
heinz	b	
heisenhwer	b	
heiwer	b	
helacio	t	gelacio
heladio	b	
helbar	b	
helbecio	b	
helber	b	
helbert	b	
helberth	b	
helberto	b	
helbin	b	
helbuth	b	
helder	b	
heldo	b	
helecto	b	
heleno	b	
heleodoro	t	heliodoro
heler	b	
helevi	b	
helew	b	
heli	b	
heliberto	b	
helibrando	t	hildebrando
helidoro	t	heliodoro
helifonso	b	
heligardo	b	
helio	b	
heliodoro	b	
heliserio	b	
hellar	b	
heller	b	
hellman	b	
helma	t	helman
helman	b	
helmar	b	
helmen	t	helman
helmer	b	
helmon	b	
helmunth	b	
heloy	t	eloy
helver	b	
helvert	b	
helverth	b	
helvin	b	
helvis	b	
hely	b	
hember	b	
hemecias	b	
hemel	t	emel
hemelindo	b	
hemerio	b	
hemerson	b	
hemersson	t	hemerson
hemiliano	t	emiliano
hemir	t	emir
henaldo	b	
henan	t	hernan
henando	t	hernando
henario	b	
hender	b	
heneider	b	
henerley	b	
hengoth	b	
henider	b	
henio	b	
hennan	t	hernan
hennry	t	henry
henoc	b	
henock	b	
henok	t	henock
henri	b	
henrrique	t	enrique
henrry	t	henry
henry	b	
heopulio	b	
hepolidoro	b	
heraclio	b	
heraclito	b	
heraldo	b	
herasmo	t	erasmo
herazmo	t	erasmo
herbasio	b	
herbert	b	
herberth	b	
herbey	b	
herby	b	
hercilio	b	
herclio	t	hercilio
hercules	b	
herder	b	
heremildo	t	hermildo
hereo	t	nereo
heresito	b	
heresmildo	b	
heriberto	b	
herin	b	
herley	b	
herliman	b	
herlin	b	
herlindo	b	
herlos	b	
herly	b	
herlyn	b	
herman	b	
hermando	t	hernando
hermann	t	herman
hermedy	b	
hermel	b	
hermelegildo	t	hermeregildo
hermelias	b	
hermelindo	b	
hermelindoi	t	hermelindo
hermen	b	
hermencio	b	
hermenegildo	b	
hermenejildo	t	hermenegildo
hermenel	b	
hermeregildo	b	
hermerilso	b	
hermes	b	
hermesley	b	
hermey	b	
hermez	t	hermes
hermides	b	
hermildo	b	
hermilo	b	
hermilsul	t	herminsul
hermin	b	
hermindo	b	
herminio	b	
herminso	b	
herminson	b	
herminsul	b	
hermiro	b	
hermison	b	
hermo	b	
hermofilio	t	hermofilo
hermofilo	b	
hermogenes	b	
hermognes	t	hermogenes
hermojenes	t	hermogenes
hermolein	b	
herna	t	hernan
hernado	t	hernando
hernais	b	
hernamdo	t	hernando
hernan	b	
hernanado	t	hernando
hernand	t	hernando
hernando	b	
herndo	t	hernando
hernedis	b	
hernei	b	
herneldo	b	
hernes	b	
hernesley	b	
hernesto	b	
herney	b	
hernnando	t	hernando
hernry	t	henry
herol	b	
herry	t	henry
hersain	b	
herson	b	
hervando	b	
herver	b	
hervey	b	
hervin	b	
heryando	t	hernando
herzain	b	
hesmeragdo	b	
hessen	b	
heusebio	t	eusebio
hever	b	
hevert	b	
hexeomo	b	
heyber	b	
heyder	b	
heyler	b	
heymar	b	
heyner	b	
heynner	t	heyner
heyvar	b	
heyver	b	
hibo	b	
hibodelio	b	
hibrail	b	
hicswober	b	
hidaldo	t	hidalgo
hidalgo	b	
hidebrando	t	hidelbrando
hidelbrando	b	
hidelfonso	b	
hidem	b	
hidey	b	
hidolfo	b	
hiebrail	b	
hiefer	b	
hieffer	b	
higenio	b	
higidio	b	
higiniio	t	higinio
higinio	b	
higino	t	higinio
higo	t	hugo
higor	b	
higuarita	t	higuavita
higuavita	b	
hijinio	t	higinio
hilacio	b	
hilario	b	
hilarion	b	
hilbar	b	
hilber	b	
hilbeto	t	gilberto
hilbrando	t	hidelbrando
hilde	b	
hildeb	t	hildebrando
hildebarndo	t	hildebrando
hildebranco	t	hildebrando
hildebrando	b	
hildebrnado	t	hildebrando
hildefonso	t	hidelfonso
hildegardo	b	
hildelbrando	t	hildebrando
hildelfonso	b	
hilder	b	
hilderbrando	t	hidelbrando
hildo	b	
hilger	b	
hiliodoro	t	heliodoro
hill	t	gil
hiller	b	
hilmar	b	
hilmo	b	
hilpert	b	
hilton	b	
hilvar	b	
himar	b	
himer	b	
himerio	b	
hineldo	b	
hinigio	t	higinio
hinson	b	
hiriberto	t	heriberto
hirineo	b	
hirohito	b	
hitler	b	
hjugo	t	hugo
hlidebrando	t	hildebrando
hmberto	t	humberto
hnery	t	henry
hober	b	
hoberto	t	roberto
hodis	b	
hoel	t	joel
hoggar	b	
hogo	t	hugo
hoine	b	
holder	t	hilder
holey	b	
holgen	b	
holger	b	
holinto	b	
hollman	b	
holman	b	
holmero	t	homero
holmes	b	
holmisto	b	
holmman	t	holman
holve	b	
homan	t	holman
homar	t	omar
homeler	b	
homer	b	
homero	b	
honofre	b	
honoraldo	b	
honorato	b	
honori	t	honorio
honorio	b	
honson	t	jonson
hoober	b	
hooberth	b	
hoover	b	
horacio	b	
horaio	t	horacio
horancio	t	horacio
horbey	b	
horcio	t	horacio
horencio	b	
horlando	t	orlando
horley	b	
hormidas	b	
hormindas	t	hormidas
horminzo	b	
hormisda	t	hormidas
hormisdas	t	hormidas
hormistas	t	hormidas
hortencio	b	
hostilio	b	
hosvar	b	
hotelo	t	otelo
hover	b	
howar	b	
howard	b	
hower	b	
hrnando	t	hernando
huber	b	
huberney	b	
huberto	b	
hubeymal	t	hubeymar
hubeymar	b	
huenedi	b	
hugo	b	
hugoberto	b	
hugolino	b	
huifren	b	
huldarico	t	uldarico
hulgencio	t	fulgencio
hulise	t	ulises
humber	b	
humbert	b	
humberti	t	humberto
humberto	b	
humberyo	t	humberto
humboldt	b	
humbrerto	t	humberto
humbrto	t	humberto
humer	b	
humerto	t	humberto
hunberto	t	humberto
hungria	b	
hurbano	t	urbano
hurbelino	b	
hurelio	t	aurelio
huriel	t	uriel
hurpiano	t	urpiano
huver	b	
huxley	b	
hwber	t	huber
hymer	b	
iader	t	ader
iasauro	t	isauro
iauro	t	isauro
iban	t	ivan
ibarito	b	
ibo	b	
ibrail	b	
ibrain	b	
icaro	b	
icnacio	t	ignacio
idacio	b	
idalino	b	
idalio	b	
idel	b	
idelbrando	b	
idelfoncio	t	idelfonso
idelfonsa	b	
idelfonso	b	
idelfonzo	t	idelfonso
idelio	b	
idelmo	b	
idenarco	b	
ider	b	
idilio	t	edilio
idinael	t	dinael
idobaldo	b	
idolio	t	odilio
idulfo	b	
iedro	t	pedro
igacio	t	ignacio
iganacio	t	ignacio
igancio	t	ignacio
iganio	b	
igidio	b	
iginco	b	
iginio	b	
ignacio	b	
ignacion	t	ignacio
ignalio	b	
ignasio	t	ignacio
ignnacio	t	ignacio
igor	b	
iilmo	t	ilmo
iisdro	t	isidro
il	t	gil
iladion	b	
ilain	b	
ilario	b	
ilbar	b	
ilber	b	
ilberto	b	
ildalirio	b	
ildarico	b	
ildealfonso	t	ildelfonso
ildebrando	b	
ildefonso	b	
ildelbrando	t	ildebrando
ildelfonso	b	
ilder	b	
ildo	b	
ilec	b	
ilian	b	
ilich	b	
iliveros	t	oliveros
iller	b	
ilmer	b	
ilmo	b	
ilosio	b	
ilson	b	
ilton	b	
ilvar	b	
ilvenio	b	
ilver	b	
ilves	b	
ilvio	b	
imer	b	
imerio	b	
imidio	b	
imperio	b	
inael	b	
inain	b	
inalbo	b	
indael	b	
indaiscio	t	indalecio
indalecio	b	
indalencio	t	indalecio
indalesio	b	
indobel	b	
indolecio	t	indalecio
indra	b	
ineas	b	
ineldo	b	
infamte	t	infante
infante	b	
infantes	t	infante
infate	t	infante
ingelberto	b	
ingnacio	t	ignacio
ingrith	b	
iniber	b	
inicencio	t	inocencio
inis	t	luis
iño	t	nino
inocencio	b	
inocensio	t	inocencio
inocente	b	
inocentes	t	inocente
inogio	b	
insrael	t	israel
inti	b	
iovani	b	
ipaco	t	paco
irael	t	israel
iraides	b	
iraldo	b	
iray	b	
irenaldo	t	reinaldo
irenarco	b	
irenco	b	
irenio	b	
irinarco	b	
irineo	b	
irinorfo	b	
iro	t	jairo
irrael	b	
irson	b	
isaac	b	
isaaca	t	isaac
isaacc	t	isaac
isaak	b	
isabelino	b	
isachar	b	
isacio	b	
isael	b	
isai	b	
isaias	b	
isaid	b	
isail	b	
isain	b	
isais	t	isaias
isaisas	t	isaias
isander	b	
isarael	t	israel
isarel	t	israel
isario	b	
isaro	b	
isaul	b	
isaulo	t	saulo
isauro	b	
isay	b	
isbardo	b	
isduar	b	
isel	b	
iselino	b	
isgardo	b	
isgenardo	b	
isias	t	isaias
isid	b	
isiderio	b	
isidoro	b	
isidreo	t	isidro
isidro	b	
isilvino	t	silvino
islardo	b	
ismael	b	
ismaelino	b	
ismaelito	b	
ismaell	t	ismael
ismaelo	b	
ismalel	t	ismael
ismanel	t	ismael
ismel	b	
ismenio	b	
isnael	t	ismael
isnaldo	b	
isnardo	b	
isney	b	
isodoro	b	
israel	b	
isreal	t	israel
isrrael	b	
issac	t	isaac
istuan	b	
itali	t	italo
italo	b	
itamar	b	
itsmundo	b	
ituriel	t	turiel
ivan	b	
ivar	b	
iver	b	
ives	b	
ividio	t	ovidio
ivinser	b	
ivir	b	
ivo	b	
izidro	t	isidro
iznardo	t	isnardo
jabas	b	
jabenal	t	juvenal
jabier	t	javier
jabilton	t	jamilton
jacinio	t	jacinto
jacinto	b	
jacob	b	
jacobo	b	
jacobsen	b	
jader	b	
jaems	t	james
jaer	b	
jafeht	b	
jafet	b	
jahannx	t	johann
jahanny	t	johanny
jahen	b	
jahir	b	
jaider	b	
jaidermen	b	
jaiem	t	jaime
jaieo	t	jairo
jaier	t	javier
jaihir	t	jahir
jail	b	
jaill	t	jail
jaime	b	
jaimer	b	
jaimever	b	
jaimne	t	jaime
jainer	b	
jainoer	t	jainer
jainol	b	
jainover	b	
jaior	t	jairo
jair	b	
jairi	t	jairo
jairo	b	
jairsinio	b	
jairzinhio	b	
jaison	b	
jaiver	t	javier
jalil	b	
jalver	b	
jamer	b	
james	b	
jamez	t	james
jamid	b	
jamie	t	jaime
jamilton	b	
jan	t	juan
jancito	t	jacinto
jander	b	
janer	b	
janes	t	james
janid	b	
janier	b	
janiro	b	
jannio	b	
jans	b	
jansenio	b	
januario	b	
jaome	t	jaime
jaoquin	t	joaquin
jaover	t	javier
jarbel	b	
jardey	b	
jardiel	b	
jardy	b	
jario	t	jairo
jarliz	b	
jarol	b	
jarry	b	
jarves	b	
jarvey	b	
jase	t	jose
jasinto	t	jacinto
jaslen	b	
jasser	b	
jauan	t	juan
jauer	t	javier
jaufriano	b	
jauhar	b	
jaun	t	juan
jaureli	t	aureli
jauri	b	
javan	t	ivan
javie	t	javier
javiel	t	javier
javier	b	
javir	t	javier
jay	t	jairo
jazmid	t	jazmin
jazmin	b	
jean	b	
jector	t	hector
jefer	b	
jeferson	b	
jeffer	b	
jefferson	b	
jeffry	b	
jehegner	b	
jehova	b	
jehovany	b	
jehu	t	jesus
jeibe	b	
jeiber	b	
jeiler	b	
jeiman	b	
jeime	t	jaime
jeimer	b	
jeiner	b	
jeison	b	
jeisson	b	
jelacio	t	gelacio
jelber	b	
jelder	b	
jelias	t	elias
jelmer	t	elmer
jelver	t	elver
jelvis	t	elvis
jemmy	t	jimmy
jenaro	t	genaro
jendri	b	
jene	b	
jener	b	
jenesano	b	
jenner	b	
jenry	b	
jeoncio	t	leoncio
jeorge	t	jorge
jeovani	b	
jeovanny	b	
jeremeias	t	jeremias
jeremias	b	
jereminas	t	jeremias
jerlen	b	
jerman	t	german
jeronimo	b	
jersain	b	
jersan	b	
jerson	b	
jervacio	t	gervacio
jerver	b	
jeselin	t	joselin
jeses	t	jesus
jeseus	t	jesus
jesley	b	
jesson	b	
jessus	t	jesus
jesu	t	jesus
jesualdo	b	
jesucristo	b	
jesulio	b	
jesus	b	
jesuscriste	t	jesucristo
jesusu	t	jesus
jetulio	b	
jeus	t	jesus
jeuscristo	t	jesucristo
jevier	t	javier
jeyer	b	
jhaider	b	
jhair	b	
jhan	b	
jharol	t	harol
jhean	b	
jheison	b	
jherry	b	
jherson	b	
jheysson	b	
jhns	t	jhon
jhnson	t	johnson
jhoany	b	
jhofre	b	
jholly	b	
jholmer	b	
jhon	b	
jhonatan	b	
jhonathan	b	
jhonensy	b	
jhonis	b	
jhonn	b	
jhonny	b	
jhonson	b	
jhony	b	
jhovani	b	
jhovanny	b	
jhovany	b	
jiame	t	jaime
jiaquin	t	joaquin
jiaxuan	b	
jibel	b	
jiber	b	
jilber	b	
jildardo	b	
jilheman	b	
jilio	t	julio
jilmar	b	
jime	t	jaime
jimeno	b	
jimi	b	
jiminy	b	
jimmer	b	
jimmi	b	
jimmy	b	
jimy	b	
jiobany	b	
jiose	t	jose
jiovanny	b	
jiovany	b	
jise	b	
jjose	t	jose
jjulio	t	julio
jkairo	t	jairo
jlio	t	julio
joa	t	joaquin
joachim	b	
joae	t	jose
joaguin	t	joaquin
joagustin	b	
joame	t	jaime
joan	b	
joany	b	
joaqu	t	joaquin
joaqui	t	joaquin
joaquin	b	
joaquinn	t	joaquin
joaqun	t	joaquin
joazinho	b	
job	b	
jobal	b	
joban	b	
jobani	b	
jobany	b	
jobel	b	
joben	b	
jober	b	
jobino	b	
jobo	b	
jode	t	jose
jodse	t	jose
joe	b	
joege	t	jorge
joegr	t	jorge
joel	b	
joerge	t	jorge
jofre	b	
jogni	b	
johan	b	
johann	b	
johanni	b	
johanny	b	
johans	b	
johany	b	
johel	b	
john	b	
johnatan	b	
johnnatan	b	
johnny	b	
johnson	b	
johny	b	
joholman	b	
joiman	b	
jolman	b	
jolves	b	
jomil	b	
jon	b	
jonas	b	
jonatan	b	
jonathan	b	
jonel	b	
jonge	t	jorge
jonh	b	
jonhson	b	
jonhy	b	
jonny	b	
jonsom	b	
jonson	b	
jony	b	
jope	t	jose
jopse	t	jose
joquin	t	joaquin
joral	b	
jordan	b	
jore	t	jorge
jorege	t	jorge
jorenzo	t	lorenzo
jorg	t	jorge
jorga	t	jorge
jorge	b	
jorgee	t	jorge
jorgen	t	jorge
jorgentil	b	
jorgfe	t	jorge
jorgge	t	jorge
jorgr	t	jorge
jorman	b	
jorque	t	jorge
jos	t	jose
josa	t	jose
jose	b	
josee	t	jose
josefito	b	
josefo	b	
josehito	b	
josel	b	
joselillo	b	
joselin	b	
joselino	b	
joselito	b	
joselo	b	
joselyn	b	
joseph	b	
joser	b	
joseu	b	
joseue	t	joseu
josias	b	
josifredo	b	
josman	b	
joso	t	jose
josr	t	jose
josre	t	jose
josse	b	
josue	b	
josuef	b	
jote	t	jose
jouberth	b	
jouse	t	josue
jovan	b	
jovani	b	
jovanny	b	
jovany	b	
jovar	b	
joviano	b	
joviney	b	
jovini	b	
jovino	b	
jowan	b	
jse	t	jose
jselyn	t	joselyn
jseus	t	jesus
jsse	t	jose
jua	t	juan
juan	b	
juanario	b	
juancho	b	
juanildo	b	
juanito	b	
juaquin	b	
juatiniano	t	justiniano
jubal	b	
jubencio	t	juvencio
juber	b	
juberth	b	
jubvenal	t	juvenal
juen	t	juan
juio	t	julio
juis	t	luis
juklio	t	julio
julder	b	
juler	b	
jules	b	
juli	b	
julian	b	
julie	b	
juliio	t	julio
julio	b	
julioi	t	julio
juliuo	t	julio
julius	b	
julo	t	julio
juluio	t	julio
julvier	b	
jumberto	t	humberto
jun	t	juan
juna	t	juan
junio	b	
junior	b	
juse	t	jose
jusn	t	juan
justiniano	b	
justino	b	
justo	b	
justp	t	justo
jusus	t	jesus
juval	b	
juvenal	b	
juvencio	b	
juver	b	
juvino	b	
jymy	b	
karin	b	
kasmir	b	
kastor	b	
keipo	b	
kemer	b	
kened	b	
kenedy	b	
kennedit	b	
kennedy	b	
kenny	b	
kevin	b	
keyner	b	
kil	b	
kiliam	b	
kilian	b	
killiam	b	
killian	b	
kilman	b	
kim	b	
king	b	
kinley	b	
kinyer	b	
kitian	b	
klinger	b	
koschmieder	b	
krioabis	b	
krithian	b	
krysthian	b	
kurt	b	
la	b	
laberto	t	alberto
labrian	b	
labriano	b	
lacides	b	
lacruz	b	
ladimir	b	
ladislado	t	ladislao
ladislao	b	
lafonso	t	alfonso
laider	b	
lain	b	
lainele	b	
laiva	b	
lale	b	
lalo	b	
lamberth	b	
landy	b	
laonidas	t	leonidas
larry	b	
lars	b	
las	b	
lasariel	b	
lasides	b	
laubertino	b	
laudelino	b	
laufo	b	
laureano	b	
laurelino	b	
lauremo	b	
lauren	b	
laurenano	t	laureano
laurenao	t	laureano
laurencio	b	
laurenio	b	
laureno	t	laureano
laurentino	b	
laurian	b	
laurio	b	
laurntino	t	laurentino
lauro	b	
lauy	b	
lavaro	t	alvaro
layo	b	
layonel	b	
laytom	t	layton
layton	b	
lazaro	b	
leaider	t	leider
lealdo	b	
lean	t	leon
leanardo	t	leonardo
leander	b	
leandro	b	
lee	b	
lefrain	t	efrain
legario	b	
lehman	b	
lehomar	b	
leiber	b	
leicen	b	
leiden	b	
leider	b	
leif	b	
lein	b	
leiner	b	
leionardo	t	leonardo
leisen	b	
leiseo	t	eliseo
leiser	b	
leisler	b	
leister	b	
leiver	b	
leivigildo	t	leovigildo
leixer	b	
lelio	b	
lelix	b	
lelson	t	nelson
lemir	t	emir
lenar	b	
lener	b	
lengel	b	
lenin	b	
lennin	b	
lennon	b	
lenoir	b	
lenor	b	
leny	b	
leo	b	
leobaldo	b	
leobardo	b	
leobigildo	b	
leocadio	b	
leocaldio	t	leocadio
leocandio	b	
leocario	b	
leodan	b	
leodegario	b	
leogildo	b	
leoman	b	
leomar	b	
leomidas	t	leonidas
leomso	t	leonso
leon	b	
leonaldo	b	
leonangel	b	
leonarco	b	
leonarda	b	
leonardo	b	
leoncio	b	
leonel	b	
leonen	t	leonel
leoney	b	
leonias	t	leonidas
leonicio	b	
leonidad	t	leonidas
leonidas	b	
leonides	b	
leonildo	b	
leonirio	b	
leonisio	b	
leonodas	t	leonidas
leonso	b	
leonz	t	leon
leonzo	b	
leopildo	b	
leoplodo	t	leopoldo
leopold	b	
leopoldo	b	
leovaldo	b	
leovenildo	b	
leoviceldo	b	
leovicendo	b	
leovidez	b	
leovigido	t	leovigildo
leovigildo	b	
leovigilio	t	leovigildo
leovigldo	t	leovigildo
leovijildo	b	
leovildo	b	
leovilgildo	t	leovigildo
leoviseldo	b	
leoxander	b	
lepoldo	t	leopoldo
lequecidec	t	melquisedec
leris	b	
leroy	b	
les	b	
lesner	b	
lesster	t	lester
lester	b	
leucario	b	
leumin	b	
leuquerio	b	
leusinio	b	
leuterio	b	
leutinio	b	
leuvigildo	t	leovigildo
leverth	b	
levi	b	
levid	b	
levigildo	t	leovigildo
levy	b	
lewis	b	
leyser	b	
leyver	b	
lias	t	elias
libado	t	libardo
liban	b	
libandi	b	
libaniel	b	
libardo	b	
libardp	t	libardo
libardy	b	
libario	b	
liber	b	
liberado	t	liberato
liberato	b	
liberio	b	
liberto	b	
libio	b	
liboniel	b	
liborio	b	
librado	b	
librando	b	
liceo	b	
licer	b	
licerio	b	
liciano	t	luciano
licidio	t	lucidio
licimaco	b	
licindo	b	
licinio	b	
lidder	b	
lider	b	
liderman	b	
lidier	b	
lidio	b	
lidionel	t	lionel
lido	b	
liebano	t	lievano
lievano	b	
lifardo	t	libardo
lifonso	b	
ligio	b	
lilio	b	
limbanio	b	
limberg	b	
limbergil	b	
lin	b	
linael	b	
linarco	b	
linardo	b	
linas	b	
lincon	b	
lindairo	b	
lindaly	b	
lindeman	b	
lindemeyer	b	
lindenberg	b	
linder	b	
lindermeyer	b	
lindolfo	b	
lindon	b	
liner	b	
lingay	b	
lino	b	
lio	t	luis
liodoro	t	eliodoro
lionel	b	
lionicio	b	
liopoldo	t	leopoldo
liralbo	b	
lirimo	b	
lirio	b	
liry	b	
lis	b	
lisander	b	
lisandro	b	
lisardo	b	
lisauro	b	
liserio	b	
lisesio	b	
lisimaco	b	
lisnardo	b	
lisneo	b	
lito	b	
lius	t	luis
livan	t	ivan
livaniel	b	
livano	t	lievano
livardo	t	libardo
livorio	b	
lixon	b	
liyer	b	
lizadro	t	lizandro
lizandro	b	
lizardo	b	
lizimaco	t	licimaco
liznardo	b	
ljuis	t	luis
lloyd	b	
lluis	t	luis
lnibardo	t	libardo
lñizandro	t	lizandro
locadio	b	
loen	t	leon
loepoldo	t	leopoldo
lois	t	luis
lombardic	b	
lombardo	b	
longino	b	
loo	t	los
lope	b	
loprenzo	t	lorenzo
loren	b	
lorenso	b	
lorenzo	b	
lorezo	t	lorenzo
lorgio	b	
los	b	
lose	t	jose
losnon	b	
loth	b	
loup	b	
lousa	t	luisa
lovino	b	
lubdin	t	lubin
lube	b	
luber	b	
lubin	b	
lubinel	b	
lubino	b	
lubn	t	lubin
luby	t	ruby
luca	b	
lucas	b	
lucho	b	
luciano	b	
lucidio	b	
lucindo	b	
lucinio	b	
lucino	b	
lucio	b	
lucrecio	b	
ludbin	t	lubin
ludelman	b	
ludim	t	ludin
ludin	b	
ludovico	b	
ludovino	b	
lugardo	b	
lugencio	b	
luginio	b	
lugo	b	
lui	t	luis
luia	t	luis
luibardo	t	libardo
luicidio	t	lucidio
luie	t	luis
luis	b	
luisa	b	
luisd	t	luis
luisi	t	luis
luisindo	b	
luiso	b	
luive	b	
luiz	t	luis
lulio	t	tulio
lulo	b	
lupercio	b	
lupersio	b	
lupo	b	
luqueiro	b	
lurdey	b	
lureano	t	laureano
lus	t	luis
luseyen	b	
lusi	t	luis
lusory	b	
luuis	t	luis
luver	b	
luvi	b	
luvian	b	
luvid	b	
luvier	b	
luvin	b	
luvit	b	
luyis	t	luis
lyden	b	
lyuis	t	luis
maartin	t	martin
mac	b	
macareno	b	
macario	b	
macedonio	b	
macelino	t	marcelino
macias	b	
macios	t	macias
maco	t	marco
macos	t	marcos
maddy	b	
madoqueo	t	mardoqueo
maeco	t	marco
mael	b	
magante	b	
magno	b	
mahomer	b	
maicol	b	
main	b	
maiquel	b	
mairo	b	
maju	b	
malco	b	
malvino	b	
mamerto	b	
manauel	t	manuel
mandivelso	t	mendivelso
manel	t	manuel
maneul	t	manuel
manlio	b	
mannuel	t	manuel
manolo	b	
manrique	b	
manrrique	t	manrique
manrrrique	t	manrique
mantonio	t	antonio
manue	t	manuel
manueal	t	manuel
manuek	t	manuel
manuel	b	
manuiel	t	manuel
manul	t	manuel
manyiber	b	
manyiver	b	
mapoleon	t	napoleon
mar	b	
maraquelto	b	
marc	b	
marca	t	marco
marcedes	t	mercedes
marcedonio	b	
marcel	b	
marcelian	b	
marceliano	b	
marcelino	b	
marcelo	b	
marcemiliano	b	
marcial	b	
marciano	b	
marciliano	b	
marcilino	t	marcelino
marcio	b	
marciso	b	
marclino	b	
marco	b	
marcolino	b	
marcon	t	marco
marcos	b	
marcotulio	b	
mardfoqueo	t	mardoqueo
mardiqueo	t	mardoqueo
mardogueo	t	mardoqueo
mardonio	b	
mardoque	b	
mardoqueo	b	
mareno	t	moreno
marfo	t	marco
margarito	b	
mariana	t	mariano
mariano	b	
mariedo	b	
marietta	b	
marine	b	
marino	b	
mariños	t	marino
marion	b	
marique	t	manrique
marlin	b	
marlio	b	
marlon	b	
maro	b	
martco	t	marco
martgin	t	martin
martimono	b	
martin	b	
martiniano	b	
martino	b	
marto	b	
maruricio	t	mauricio
marvick	b	
marvin	b	
marx	b	
maryel	b	
marzos	b	
masael	t	misael
masedonio	b	
mastranto	b	
mateo	b	
matia	b	
matias	b	
matutino	b	
maubricio	t	mauricio
mauel	t	manuel
mauicio	t	mauricio
maunel	t	manuel
maurcio	t	mauricio
mauret	b	
mauri	b	
maurici	t	mauricio
mauricio	b	
maurico	t	mauricio
maurillo	b	
maurio	b	
mauro	b	
maury	b	
mauticio	t	mauricio
mawer	b	
max	b	
maxediano	b	
maxedonio	b	
maxi	b	
maxiliano	b	
maximilaino	t	maximiliano
maximiliano	b	
maximini	b	
maximinio	t	maximino
maximino	b	
maximo	b	
maximono	b	
mayan	b	
mayardo	b	
maycol	b	
mayer	b	
mayit	b	
mayor	b	
mazario	b	
mdo	b	
mecedes	t	mercedes
medardo	b	
medario	b	
medivelso	t	mendivelso
megardo	b	
meguel	t	miguel
melchisedec	b	
melchor	b	
melciades	b	
melcio	b	
melco	b	
melecio	b	
melecion	t	melecio
melesio	b	
melfo	b	
melguiades	t	melquiades
melguisedec	b	
melicio	b	
meliseo	b	
meliton	b	
melkin	b	
melkis	b	
melky	b	
melque	b	
melquecedec	b	
melquecidec	b	
melquecided	t	melquecidec
melqueicedec	t	melquecidec
melquesedec	t	melquisedec
melquesidec	b	
melquesided	t	melquisedec
melqui	b	
melquiades	b	
melquias	b	
melquibel	b	
melquicede	t	melquisedec
melquicedec	b	
melquiceded	t	melquisedec
melquicedes	t	melquicedec
melquicidec	b	
melquicidet	t	melquisedec
melquifidel	b	
melquis	b	
melquisec	b	
melquisedec	b	
melquisidec	b	
melqusidec	t	melquisedec
melson	t	nelson
meluc	b	
meluck	b	
melvi	b	
melvin	b	
menandro	b	
menardo	b	
mendicivelso	t	mendivelso
mendilveso	t	mendivelso
mendivelso	b	
mendivelzo	t	mendivelso
mendvelso	t	mendivelso
mendy	b	
menecio	t	nemesio
menelio	b	
menidvelso	t	mendivelso
menndivelso	t	mendivelso
menuel	t	manuel
mepomuceno	t	nepomuceno
mequicedec	t	melquicedec
meradid	b	
merardo	b	
merari	b	
merary	b	
mercades	t	mercedes
merce	b	
mercede	t	mercedes
mercedes	b	
mercedez	t	mercedes
mercees	t	mercedes
mercelino	b	
merceses	t	mercedes
merco	t	marco
mercos	t	marcos
merecdes	t	mercedes
merecedes	t	mercedes
meredes	t	mercedes
meregildo	b	
mereno	t	moreno
mereo	t	nereo
merisalde	b	
merlindo	b	
mertunis	b	
mesias	b	
metodio	b	
meuricio	t	mauricio
meyer	b	
meyfer	b	
meyid	b	
mibuel	t	miguel
micael	b	
micahel	b	
michael	b	
michel	b	
michelcen	b	
mick	b	
midelbrando	t	hidelbrando
mifuel	t	miguel
migail	b	
migel	t	miguel
migeul	t	miguel
migfuel	t	miguel
mighel	b	
migiuel	t	miguel
miguel	b	
miguelñ	t	miguel
miguiel	t	miguel
migul	t	miguel
migule	t	miguel
mijail	b	
mike	b	
mikell	b	
milagro	b	
milario	b	
milberto	b	
milcades	t	milciades
milciadej	t	milciades
milciades	b	
milciadez	t	milciades
milcidades	t	milciades
milcides	t	milciades
milcio	b	
mildo	b	
milenor	b	
militon	t	milton
millan	b	
miller	b	
millersein	b	
millian	t	millan
milo	b	
milquiades	b	
milsilfredo	b	
milson	b	
milter	b	
milthon	b	
milto	b	
milton	b	
milyer	b	
minso	b	
mioguel	t	miguel
mioses	t	moises
mirio	b	
miro	b	
misael	b	
misaeno	b	
misaerl	t	misael
misazel	t	misael
misdrain	b	
misgel	t	miguel
mixan	b	
miyan	b	
miyember	b	
miyer	b	
miyes	b	
miyon	b	
mnarique	t	manrique
mnauel	t	manuel
modesto	b	
modisto	b	
moices	t	moises
moiseis	t	moises
moises	b	
mojin	b	
mollano	b	
momeñez	b	
monero	t	moreno
monsaide	b	
moore	b	
mopreno	t	moreno
moreeno	t	moreno
morejo	t	moreno
moremo	t	moreno
morenio	t	moreno
moreno	b	
morenop	t	moreno
morenp	t	moreno
morerno	t	moreno
morneo	t	moreno
morno	t	moreno
morreno	t	moreno
morris	b	
mosael	t	misael
moseis	t	moises
mpreno	t	moreno
mreno	t	moreno
mroeno	t	moreno
muguel	t	miguel
mundo	b	
munuel	t	manuel
murisantas	b	
musalin	b	
nabor	b	
nacho	b	
naciaceno	t	nacianceno
nacianceno	b	
nacianeno	t	nacianceno
nacianselmo	b	
nacor	b	
naer	b	
naftali	b	
nahan	b	
nahar	b	
nahirob	b	
nahun	b	
nail	b	
naime	t	jaime
naimes	b	
nain	b	
nair	b	
naire	b	
nairo	b	
nairoby	b	
nairp	t	nair
naldino	b	
naldo	b	
nandi	b	
nandis	b	
nandu	b	
nandy	b	
napoleon	b	
narbey	t	norbey
narcisa	t	narciso
narciso	b	
narcizo	b	
narco	t	marco
nardy	b	
narey	b	
nariño	b	
narino	t	marino
naro	b	
narov	b	
narsiso	b	
narveiro	b	
nasario	b	
natale	b	
natalio	b	
natanael	b	
nativo	b	
natonio	t	antonio
naul	b	
naum	b	
naur	b	
nauro	b	
navor	b	
nayeth	b	
nayib	b	
nayid	b	
nayil	b	
nayro	b	
nazareno	b	
nazareth	b	
nazario	b	
ncampo	t	campo
nebardo	b	
neber	b	
nebry	b	
necodemuna	b	
nectaly	b	
nectolivo	b	
nedil	b	
neemias	b	
nefer	b	
nefi	b	
neftali	b	
neftaly	b	
nefy	b	
nehemias	b	
nehemidas	b	
neiber	b	
neicer	b	
neider	b	
neil	b	
neiro	b	
neison	b	
nel	b	
neldever	b	
nelin	b	
nelio	b	
nell	b	
nelo	b	
nelso	b	
nelson	b	
nelsson	t	nelson
nelver	b	
nelvi	b	
nelvo	b	
nelzon	t	nelson
nemecio	b	
nemer	b	
nemesio	b	
nemias	b	
neno	b	
neño	t	nino
neo	b	
ñeon	t	leon
neonel	b	
nepo	b	
nepoceno	t	nepomuceno
nepolidoro	b	
nepomiceno	t	nepomuceno
nepomuceno	b	
nepomunceno	t	nepomuceno
nepomuseno	b	
neponuceno	t	nepomuceno
neptali	b	
neptaly	b	
nepumuceno	t	nepomuceno
neraldo	b	
nerardo	b	
nercy	b	
nereo	b	
nerildo	b	
nerio	b	
nernando	t	hernando
nero	b	
nerpiano	b	
nerto	b	
nervey	b	
neslson	t	nelson
nestor	b	
nestro	t	nestor
neuriel	b	
nevado	b	
nevardo	b	
never	b	
neverco	b	
nevilla	t	neville
neville	b	
neviller	b	
nevin	b	
newton	b	
nexi	b	
ney	b	
neyder	b	
neyer	b	
neyib	b	
neylb	t	neyib
neyll	b	
neyo	b	
ngabrielino	t	gabrielino
nibardo	t	libardo
nibelso	b	
nibelson	b	
nicacio	b	
nicanor	b	
nicaolas	t	nicolas
nicasio	b	
nicefaro	t	niceforo
niceforo	b	
nicero	b	
nicidemus	t	nicodemus
nicimedes	t	nicomedes
nico	b	
nicoals	t	nicolas
nicodemo	b	
nicodemos	b	
nicodemus	b	
nicodermus	t	nicodemus
nicola	b	
nicolas	b	
nicolay	b	
nicomede	t	nicomedes
nicomedes	b	
nicomeres	t	nicomedes
nicson	b	
nicudemos	t	nicodemus
nicudemus	t	nicodemus
nicudernos	t	nicodemos
niguel	t	miguel
nikson	b	
nilberto	b	
nilfredo	b	
nilo	b	
nilson	b	
nilsson	b	
nilton	t	milton
nimarco	b	
ninfar	b	
ninfo	b	
niñi	t	nino
niñlo	t	nino
ninño	t	nino
niñño	t	nino
nino	b	
ñino	t	nino
ñiño	t	nino
nio	t	nino
nipomuceno	b	
nirio	b	
nirman	b	
nirso	b	
nirson	b	
nisael	t	misael
nisme	b	
nisson	b	
nito	b	
nival	b	
nivaldo	b	
nivardo	b	
nivio	b	
nixer	b	
nixo	b	
nixon	b	
niyer	b	
nmanuel	t	manuel
nno	t	nino
nocencio	t	inocencio
nodier	b	
noe	b	
noel	b	
noelio	b	
noelzar	b	
noemi	b	
noeni	t	noemi
nofal	b	
nohe	b	
nohum	b	
nolasco	b	
nolber	b	
nolberto	b	
nolver	b	
nolverto	t	nolberto
nonato	b	
noño	t	nino
noracio	t	horacio
norasco	b	
norbay	t	norbey
norberto	b	
norbeto	t	norberto
norbey	b	
norbrtp	t	norberto
norby	b	
noreno	t	moreno
noriel	b	
norley	b	
norman	b	
normando	b	
norual	b	
norvey	b	
novairo	b	
novato	b	
nuber	b	
nuhemias	t	nehemias
ñuis	t	luis
null	t	nell
nulvar	b	
numa	b	
numael	t	manuel
numar	b	
numas	b	
nuncio	b	
nundar	b	
nunil	b	
nur	b	
nuri	b	
nuvaldo	b	
nye	b	
nylson	b	
nystron	b	
obado	t	obando
obaldo	b	
oban	t	ivan
obando	b	
obanso	t	obando
obdengar	b	
obdulio	b	
obdulo	t	obdulio
obed	b	
obedeis	b	
obedeon	b	
obel	t	abel
obelio	b	
ober	b	
oberlando	b	
obidio	b	
obiedo	t	oviedo
obnelio	b	
ocaris	b	
ocelio	b	
ocias	b	
oclives	b	
ocsmpo	t	campo
octaliver	b	
octaviano	b	
octavino	b	
octavio	b	
octimio	b	
octoavio	t	octavio
octtaviano	t	octaviano
odbed	b	
odcar	t	oscar
odelio	b	
odelmar	b	
oderlin	b	
odilio	b	
odilma	t	edilma
odilsen	b	
oditio	b	
odmer	b	
odual	b	
odwal	b	
oedro	t	pedro
oel	t	joel
oelando	t	orlando
ofelio	b	
offir	t	ofir
ofidio	t	ovidio
ofil	t	ofir
ofilio	t	ovidio
ofir	b	
ofonso	t	alfonso
ofracio	b	
ofrey	b	
ohel	t	joel
ohover	t	hover
oin	b	
oladis	b	
olando	t	orlando
olav	b	
olaver	b	
olavio	b	
olayton	t	layton
olbar	b	
olber	b	
olbi	b	
older	b	
oledy	b	
olegar	t	olegario
olegario	b	
olejario	t	olegario
oleocadio	t	leocadio
olfer	b	
olger	b	
olguer	b	
oliberio	t	oliverio
oliberto	b	
olier	b	
olimaco	t	climaco
olimpio	b	
olimpo	b	
olinio	b	
olinto	b	
olipio	t	alipio
olis	t	lis
olivanel	t	livaniel
olivar	b	
olivardo	t	libardo
oliver	b	
oliverio	b	
oliverios	t	oliveros
oliveros	b	
oliverosd	t	oliveros
oliverto	b	
olivio	b	
olivo	b	
olivorio	t	oliverio
oljer	b	
olmado	t	olmedo
olman	b	
olmar	b	
olmedo	b	
olmer	b	
olmes	b	
olmez	b	
olmis	b	
olonso	t	alonso
oloverio	t	oliverio
olpidio	t	elpidio
olrlando	t	orlando
olvar	t	olver
olver	b	
olverio	t	alveiro
olwan	b	
omairo	b	
omaldo	b	
omar	b	
omarl	t	omar
omel	b	
omero	b	
omingod	t	domingo
omy	b	
onaldo	b	
onan	b	
onasis	b	
onecimo	b	
onel	b	
onelio	b	
onesimo	b	
onesino	t	onesimo
onexi	b	
oney	b	
onias	b	
onidio	b	
onirio	b	
onivo	b	
onofre	b	
onorato	t	honorato
onordo	b	
onorio	b	
onoto	t	onorio
onpfre	t	onofre
onzaga	t	gonzaga
opolonio	t	apolonio
optaciano	b	
oracio	b	
oralando	t	orlando
oralio	b	
orangel	b	
orcar	t	oscar
ordulio	b	
oregario	t	olegario
oresteres	t	orestes
orestes	b	
oret	b	
orfidio	b	
orfilo	b	
oriel	t	uriel
oriol	b	
orion	b	
oriosto	t	ariosto
orlado	t	orlando
orlalando	t	orlando
orlan	b	
orlandines	b	
orlando	b	
orledy	b	
orlence	b	
orley	t	arley
orlonado	t	orlando
ormandi	b	
ormidas	b	
ormindas	t	ormidas
orminzo	b	
ormistas	b	
oromacio	b	
oromairo	b	
oromancio	t	oromacio
oromario	b	
oroncio	b	
orosman	b	
oroylan	b	
orrlando	t	orlando
ortindo	b	
osaak	b	
osacar	t	oscar
osacr	t	oscar
osbaldo	b	
oscaar	t	oscar
oscar	b	
oscr	t	oscar
ose	t	jose
osealdo	t	oswaldo
oseas	b	
oses	t	oseas
osias	b	
osidas	b	
osidro	t	isidro
osman	b	
osmani	t	osman
osmar	b	
osmel	b	
osmildo	b	
osney	b	
osnidio	b	
ostilio	b	
osvaldo	b	
osvar	t	oscar
osvlado	t	osvaldo
oswal	b	
oswald	t	oswaldo
oswaldo	b	
oswar	b	
oswlado	t	oswaldo
oswldo	t	oswaldo
otalivar	b	
otelo	b	
otiel	b	
otiliano	b	
otilio	b	
otis	b	
oto	b	
otoniel	b	
otto	b	
ovaldo	b	
ovan	t	ivan
ovando	t	obando
oved	b	
ovedo	t	oviedo
oveimar	b	
ovelio	b	
over	b	
overman	b	
ovidio	b	
oviedo	b	
ovies	t	oviedo
ovilo	t	olivo
ovir	b	
ovirne	b	
owaldo	t	oswaldo
oweimar	b	
oxalides	b	
oxibaldo	t	osbaldo
oxiris	b	
ozias	t	ocias
pable	t	pablo
pablino	b	
pablo	b	
pabloa	t	pablo
pabo	t	pablo
pabvlo	t	pablo
pachito	b	
pacho	b	
pacifico	b	
paco	b	
pacomio	b	
paconio	t	pacomio
pacual	t	pascual
padre	b	
padro	t	pedro
padua	b	
paecho	t	pacho
paisani	b	
pamblo	t	pablo
pancracio	b	
panfilo	b	
panfulo	b	
pansanias	b	
pansenias	b	
pansinio	b	
pantaleon	b	
paolo	b	
paricio	t	aparicio
paris	b	
paritemo	b	
parker	b	
parmeneio	t	parmenio
parmenides	b	
parmenio	b	
pascual	b	
pasico	b	
pastor	b	
pator	t	pastor
patrice	b	
patriciano	b	
patricinio	t	patrocinio
patrocinio	b	
patrocino	t	patrocinio
paubleno	b	
paublino	b	
paucelino	b	
paucinio	b	
paul	b	
paula	b	
pauli	b	
paulia	t	paula
paulimo	t	paulino
paulino	b	
pausanias	b	
pausanio	b	
pausinio	b	
pauto	b	
pavel	b	
pblo	t	pablo
pdero	t	pedro
peary	b	
peblo	t	pablo
pedfo	t	pedro
pedfro	t	pedro
pedo	t	pedro
pedor	t	pedro
pedro	b	
pedronel	b	
pedrop	t	pedro
pedros	t	pedro
pedrp	t	pedro
pefdro	t	pedro
pelegrino	b	
penny	b	
pepe	b	
pepeod	b	
pepinillo	b	
pepito	b	
perbis	b	
percides	b	
perdo	t	pedro
perefrino	t	peregrino
peregrino	b	
perfecto	b	
perfidio	b	
pericles	b	
perico	b	
pericon	t	perico
permenio	t	parmenio
pero	t	pedro
perpetuo	b	
persalion	b	
pesro	t	pedro
peter	b	
pether	b	
pier	b	
piero	b	
pierre	b	
piliberto	b	
pio	b	
pioquinto	b	
pipe	b	
pipilio	b	
pipillo	b	
pippe	t	pipe
pisidio	b	
piter	b	
pither	b	
plablo	t	pablo
plabo	t	pablo
placido	b	
plimio	t	plinio
plinio	b	
pluber	b	
plutarco	b	
pmpilio	t	pompilio
pofidio	t	porfidio
pola	t	polo
policarpo	b	
polidor	b	
polidoro	b	
polimenes	b	
polino	b	
poliodoro	t	polidoro
polisario	b	
polivio	b	
polo	b	
polonio	b	
pompeyo	b	
pompilio	b	
pompilo	t	pompilio
ponfilo	t	panfilo
popeyo	b	
populo	b	
porfidio	b	
porfilio	b	
porfino	b	
porfirio	b	
posidio	b	
posidonio	b	
posorio	b	
pramacio	b	
preciliano	b	
presentado	b	
presiliano	b	
priciliano	b	
priero	t	piero
primitivo	b	
primo	b	
primogenito	b	
primoleon	b	
primotivo	t	primitivo
primtivo	t	primitivo
prisiliano	b	
procapio	b	
prodigo	b	
producencio	b	
proespero	t	prospero
profilio	t	porfidio
proilan	b	
propero	t	prospero
proseso	b	
prospero	b	
protacio	b	
protasio	b	
protecio	b	
protimo	b	
proto	b	
protocio	b	
prudencio	b	
publio	b	
pulidoro	b	
pumo	t	puno
puno	b	
pupo	b	
purfirio	t	porfirio
qrquimedes	t	arquimedes
quean	b	
quenedi	b	
querubi	b	
querubin	b	
quiferio	b	
quilian	b	
quilson	b	
quintiliano	b	
quintin	b	
quintino	b	
quinto	b	
quiomar	t	guiomar
quirubin	t	querubin
quiterio	b	
racelino	t	arcelino
radomiro	b	
rafaelino	b	
rafaellno	t	rafaelino
rafic	t	rafico
rafico	b	
raimu	t	raimundo
raimundo	b	
ram	b	
ramel	b	
ramiriano	b	
ramiro	b	
ramom	t	ramon
ramon	b	
ramopn	t	ramon
ramses	b	
rances	b	
randulfo	b	
rangel	b	
rangil	t	rangel
raniro	t	ramiro
ranulfo	t	arnulfo
raque	t	roque
raquelino	b	
rasik	b	
raul	b	
raule	t	raul
raurencio	t	laurencio
rauul	t	raul
ray	b	
raymindo	t	raymundo
raymundo	b	
raynoyd	b	
rberto	t	roberto
reberto	t	roberto
recaute	t	ricaurte
recner	b	
reddy	b	
redy	b	
refiniano	t	rufiniano
regino	b	
regolio	t	rogelio
regulo	b	
reile	b	
reimer	b	
reimi	b	
reimiro	t	ramiro
reimundo	b	
reinaldo	b	
reinaldpo	t	reinaldo
reinandlo	t	reinaldo
reinando	t	reinaldo
reine	t	reinel
reined	t	reinel
reineiro	b	
reinel	b	
reinerio	b	
reinero	b	
reinhold	b	
reini	b	
reinier	b	
reino	b	
reinold	b	
reiny	b	
reitler	b	
reiunaldo	t	reinaldo
reiver	b	
relfe	t	rolfe
remberto	b	
remicio	b	
remigio	b	
remijio	t	remigio
remo	b	
renan	b	
renato	b	
rene	b	
reneiro	b	
reneth	b	
reniel	t	reinel
renier	b	
renigio	t	remigio
renis	b	
renne	b	
renso	b	
renson	b	
renter	b	
renzo	b	
requilo	b	
restom	t	nestor
resuro	b	
reve	b	
rex	b	
rey	b	
reyas	t	reyes
reyes	b	
reyesa	t	reyes
reymundo	b	
reynaldo	b	
reynando	t	reynaldo
reynel	b	
reynerio	b	
ribardo	t	libardo
ribelino	b	
ribelso	b	
riben	t	ruben
ribiano	t	rubiano
ribo	b	
ricarco	t	ricardo
ricarddo	t	ricardo
ricardo	b	
ricarod	t	ricardo
ricauerte	t	ricaurte
ricaurte	b	
ricaute	t	ricaurte
ricauter	t	ricaurte
richar	t	richard
richard	b	
ricrdo	t	ricardo
ricuaurte	t	ricaurte
ridardo	t	ricardo
rider	b	
riegoberto	t	rigoberto
rifel	b	
rigo	b	
rigober	t	rigoberto
rigoberto	b	
rinno	b	
rinson	t	nirson
riomero	t	romero
rioque	t	roque
riquelme	b	
riquerio	b	
riquildo	b	
ristobulo	t	aristobulo
riter	b	
ritho	b	
rito	b	
rivein	b	
riveiro	b	
river	b	
rmoreno	t	moreno
rnesto	t	ernesto
roamir	t	ramiro
robberth	t	roberth
robefto	t	roberto
robelio	b	
roben	t	ruben
rober	b	
robert	b	
roberth	b	
robertin	b	
robertino	b	
roberto	b	
robertson	b	
robilso	b	
robin	b	
robinso	b	
robinson	b	
robison	b	
roboan	b	
roboban	t	roboan
roboham	b	
robreto	t	roberto
roby	b	
robyn	b	
rocardo	t	ricardo
rocebel	b	
rocel	b	
roceli	b	
rocelino	b	
rocelly	b	
rocendo	b	
rocindo	b	
rockney	b	
rocney	b	
rodby	b	
rodendo	b	
rodmenth	b	
rodolco	t	rodolfo
rodoldo	t	rodolfo
rodolfo	b	
rodrick	b	
rodrigo	b	
rodrigom	t	rodrigo
rodulf	t	rodulfo
rodulfo	b	
rody	b	
roelio	b	
rofelio	t	rogelio
rofer	b	
rofulfo	t	rodulfo
rogelino	b	
rogelio	b	
roger	b	
rogerio	b	
rogero	t	rogerio
rogilio	t	rogelio
rogoberto	t	rigoberto
rogustiano	b	
roher	b	
roilso	b	
roiner	b	
rojelio	t	rogelio
roke	b	
rokney	b	
rolan	b	
rolando	b	
rolandso	t	rolando
roldan	b	
rolf	b	
rolfan	b	
rolfe	b	
rolfer	b	
rolfi	b	
rollmel	b	
romair	b	
romaldo	b	
romaliano	b	
roman	b	
romar	b	
romauro	b	
romel	b	
romeliano	b	
romelio	b	
romeo	b	
romer	b	
romera	t	romero
romero	b	
romeroo	t	romero
romil	b	
romilio	b	
rominio	b	
romiro	t	ramiro
rommel	b	
romon	t	ramon
romualdo	b	
romulo	b	
ron	b	
ronal	b	
ronald	b	
ronaldo	b	
ronar	b	
roney	b	
ronmel	b	
ronney	b	
ronny	b	
rooberto	t	roberto
roomero	t	romero
roosebel	b	
roosemberg	t	rosemberg
roosevelt	b	
roque	b	
roquin	b	
rorvir	b	
rory	b	
rosalbino	b	
rosalino	b	
rosdan	b	
rose	b	
rosebel	b	
roseliano	b	
roselino	b	
roselio	b	
roselmir	b	
rosely	b	
rosember	b	
rosemberd	b	
rosemberg	b	
rosembert	b	
rosemberth	b	
rosend	t	rosendo
rosendo	b	
rosenvel	b	
roserber	b	
roserberg	b	
rosesvel	t	rosevel
rosevel	b	
rosilver	b	
rosiris	b	
rosman	b	
rosmel	b	
rosmen	b	
rosmiro	b	
rosnaldo	b	
roso	b	
rosolindo	t	rosolino
rosolino	b	
rosoliwo	t	rosolino
rosro	t	roso
ross	b	
rossebelt	b	
rosselly	b	
rossember	b	
rossembert	b	
rossevelt	b	
rossman	b	
rosso	b	
rossy	b	
rotacio	b	
roumaldo	t	romualdo
rousebelt	b	
roviel	b	
rovier	b	
rovinson	b	
rteyes	t	reyes
rubaldo	b	
rube	t	ruben
rubecindo	b	
rubel	t	ruben
rubelio	b	
ruben	b	
ruber	b	
ruberio	b	
ruberto	t	roberto
rubiamo	t	rubiano
rubian	b	
rubiano	b	
rubiaqno	t	rubiano
rubico	b	
rubiel	b	
rubier	b	
rubin	b	
rubino	b	
rubio	b	
rubiro	b	
rubnen	t	ruben
rubuano	t	rubiano
ruby	b	
rubyi	t	ruby
rudecindo	b	
rudenago	b	
rudencido	t	rudecindo
rudencindo	t	rudecindo
rudencio	b	
rudescindo	b	
rudesindo	b	
rudiberto	b	
rudolfo	b	
rudriguos	t	rodrigo
rudy	b	
ruffo	b	
rufiniano	b	
rufino	b	
rufo	b	
ruger	b	
rugerio	b	
ruhber	t	ruber
ruildon	b	
rulber	b	
rulfo	b	
rumaldo	b	
rumualdo	t	romualdo
ruperto	b	
rurover	t	ruver
rusbel	b	
rusber	b	
russbell	b	
rutbel	b	
rutilio	b	
ruver	b	
ruvio	t	rubio
ruxdorf	b	
ryan	b	
ryes	t	reyes
rynaldo	t	reynaldo
sabas	b	
sabastian	t	sebastian
sabino	b	
sablon	b	
sabulom	t	sabulon
sabulon	b	
sacarias	b	
sacha	b	
sacramento	b	
sadi	b	
sadino	t	sandino
sadot	b	
sady	b	
sael	b	
safir	b	
sahib	b	
sahir	b	
sai	b	
said	b	
saim	b	
sain	b	
saints	b	
sair	b	
sal	t	saul
salamo	t	solano
salamon	t	salomon
salano	t	solano
salatiel	b	
salbador	t	salvador
salestino	t	celestino
salim	b	
salimon	t	salomon
salin	b	
salmanazar	b	
saloman	t	salomon
salomom	t	salomon
salomon	b	
saltos	t	santos
salustiano	b	
salustino	b	
salustriano	t	salustiano
salvador	b	
salvadro	t	salvador
sam	b	
samael	b	
samdino	t	sandino
samel	t	samuel
samiel	t	samuel
samir	b	
sammy	b	
samuel	b	
sanatos	t	santos
sandalio	b	
sander	b	
sandino	b	
sandro	b	
saniel	t	daniel
sanin	b	
sanino	b	
santiago	b	
santiel	b	
santigao	t	santiago
santo	b	
santonio	b	
santos	b	
sarias	b	
sarquis	b	
sarquiz	b	
sarvita	b	
satos	t	santos
saturdino	b	
saturio	b	
saturnino	b	
saturno	b	
sauber	b	
saudiel	b	
saul	b	
saule	t	saulo
saulino	b	
saulo	b	
saulon	b	
sauly	b	
saumel	t	samuel
saurin	b	
sautd	b	
savas	b	
savier	t	xavier
sayd	b	
sayer	b	
sebastian	b	
seberino	t	severino
sebero	t	severo
secundino	b	
sediel	b	
sedney	b	
sedul	b	
sedulfo	b	
seferino	b	
segimundo	t	segismundo
segindo	t	segundo
segio	t	sergio
segis	b	
segismundo	b	
segunco	t	segundo
segunde	t	segundo
segundino	b	
segundo	b	
segundop	t	segundo
segungo	t	segundo
sehir	b	
seibar	b	
seiber	b	
sein	b	
seir	b	
seledonio	b	
seleno	b	
selestino	t	celestino
selfire	b	
seliano	b	
selinio	b	
selix	b	
seller	b	
selmo	b	
selso	b	
selvio	b	
sem	b	
semovid	b	
sendiel	b	
senefeider	b	
senen	b	
seney	b	
senobio	b	
senon	b	
sentin	b	
seo	b	
serafin	b	
serafino	b	
serapio	b	
serapleto	b	
serbando	b	
serbeleon	b	
serbelion	b	
serbulo	b	
sereafin	t	serafin
serfio	t	sergio
sergio	b	
serguo	t	sergio
servando	b	
serveleon	b	
servelio	b	
servelion	b	
servilio	b	
servio	b	
servulo	b	
sesar	t	cesar
seth	b	
setulio	b	
seudiel	b	
sevardo	b	
sevastian	t	sebastian
severiano	b	
severino	b	
severo	b	
sexto	b	
sgundo	t	segundo
shneider	b	
shneyder	b	
sibaldo	b	
sibares	b	
sibel	b	
siberato	b	
siberio	b	
sicesion	t	sucesion
sidel	b	
sidilfredo	b	
sidney	b	
sidulfo	b	
siervo	b	
sifigredo	t	sigifredo
sifredo	t	sigifredo
sigerido	b	
sigifredo	b	
sigilberto	b	
sigilfredo	t	sigifredo
siguifredo	t	sigifredo
siguilfredo	t	sigifredo
silbano	b	
silberio	t	silverio
silberto	t	gilberto
silbestre	t	silvestre
silcerio	b	
sildano	b	
silenio	b	
silfredo	b	
silibrando	b	
silucrio	b	
silvano	b	
silveio	t	silverio
silver	b	
silverio	b	
silvestre	b	
silvilino	b	
silvinio	b	
silvino	b	
silvio	b	
silvo	t	silvio
simeon	b	
simmonds	b	
simnds	t	simmonds
simom	t	simon
simon	b	
simonds	t	simmonds
sindolfo	b	
sindulfo	b	
sinforiano	b	
sinforo	b	
sinforoso	b	
sinforozo	t	sinforoso
sinibaldo	b	
sinivaldo	b	
sinmos	t	simmonds
sircunsicion	t	circunsicion
siriaco	b	
siriarco	t	siriaco
siricio	b	
sirico	t	siriaco
sirilo	b	
sirivaldo	b	
siro	t	ciro
sirvilio	b	
sirvo	t	siervo
sisifredo	t	sigifredo
sisto	t	sixto
siteo	b	
sivel	b	
siveriano	b	
sivestre	t	silvestre
sivino	t	silvino
sivio	t	silvio
sixto	b	
slavador	t	salvador
slvaro	t	alvaro
slvestre	t	silvestre
slvsro	t	alvaro
smid	b	
smith	b	
sned	t	asned
sneider	b	
sneyder	b	
soald	b	
socorro	b	
socrates	b	
soel	b	
soescal	b	
sofonias	b	
soilo	b	
sol	b	
solano	b	
solao	t	solano
solar	b	
solid	b	
solin	b	
solis	b	
soliz	t	solis
solmaan	t	solman
solman	b	
solmanazar	b	
solmar	b	
solom	b	
solomon	t	salomon
solon	b	
solvino	b	
sorel	b	
soribio	b	
sosimo	b	
sosimon	b	
sotelio	b	
sotero	b	
sricaurte	t	ricaurte
stalin	b	
stalyn	b	
steban	b	
stefan	b	
stefano	b	
steffano	b	
stephen	b	
steve	b	
steven	b	
stevenson	b	
steward	b	
sthephen	b	
stic	b	
stiven	b	
streenk	b	
su	b	
suabiemiro	b	
subdelio	b	
sucecuin	t	sucesion
sucesio	t	sucesion
sucesion	b	
sudelid	b	
suen	b	
suh	b	
suizo	b	
sul	b	
sully	b	
sulpicio	b	
sulvestre	t	silvestre
suplicio	b	
susbei	b	
susbel	b	
susecion	b	
taberio	t	tiberio
tabor	b	
tabulio	b	
tacobo	t	jacobo
tadeo	b	
tahir	b	
tairo	t	jairo
tairon	b	
tancredo	b	
tanios	b	
tanislao	b	
tarcicio	b	
tarcisio	b	
tarciso	b	
tarmin	b	
tarsicio	b	
tarsiso	t	tarciso
taterine	t	caterine
taylor	b	
tecelio	b	
tedolfo	b	
tegolo	b	
teiron	b	
telesforo	b	
telimon	b	
telio	b	
telmo	b	
temildo	b	
temilson	b	
temisclotes	t	temistocles
temisto	b	
temistocle	t	temistocles
temistocles	b	
temixto	b	
teo	b	
teobaldo	b	
teocio	b	
teoclistides	b	
teodardo	b	
teodicelo	b	
teodobaldo	b	
teodoberto	b	
teodocio	b	
teodolfo	b	
teodolindo	b	
teodolo	b	
teodomedes	b	
teodomiles	b	
teodomilo	b	
teodomiro	b	
teodoro	b	
teodosio	b	
teodulfo	b	
teodulio	b	
teodulo	b	
teofal	b	
teofar	b	
teofilo	b	
teofrasto	b	
teofuldo	b	
teofulo	b	
teolfilo	t	teofilo
teolindo	b	
teonimo	b	
teovaldo	b	
teoviceldo	b	
teovigildo	b	
teowaldo	t	teovaldo
teresforo	t	telesforo
tertuliano	b	
terzan	b	
teselino	b	
teselio	b	
teudolo	b	
teudulo	t	teudolo
thelmo	b	
tiberi	t	tiberio
tiberio	b	
tibisay	b	
tibizay	b	
tiburcio	b	
tilberto	t	gilberto
tildo	b	
tilsio	b	
tilso	b	
timeleon	t	timoleon
timoelon	t	timoleon
timoleo	t	timoleon
timoleon	b	
timoteo	b	
timoteon	t	timoleon
tindo	b	
tino	b	
tinoteo	t	timoteo
tintiliano	b	
tioberto	b	
tiodolindo	b	
tiofelo	t	tiofilo
tiofilo	b	
tiolindo	b	
tiovaldo	b	
tirsio	t	tirso
tirso	b	
tirzo	b	
tito	b	
tobias	b	
tobsol	b	
toebaldo	t	teobaldo
toefilo	t	teofilo
tolentino	b	
tomas	b	
tomero	t	romero
tonibio	t	toribio
tonio	b	
tonni	b	
tonny	b	
tony	b	
toodoro	t	teodoro
torcuato	b	
toribio	b	
torre	b	
tortuliano	b	
tracisio	t	tarcisio
trifon	b	
trino	b	
tristan	b	
tuberio	t	tiberio
tuburcio	t	tiburcio
tudelio	b	
tufic	t	tufik
tufik	b	
tulio	b	
tuluio	t	tulio
tumas	t	tomas
turge	t	jorge
turiel	b	
tyrone	b	
ualberto	t	alberto
ubadel	b	
ubal	b	
ubaldino	b	
ubaldo	b	
ubelser	b	
uber	b	
uberlan	b	
uberneli	b	
ubert	b	
uberto	b	
uberty	b	
ubilde	b	
uefracio	t	eufracio
uetimios	t	eutimio
uetiquiano	t	eutiquiano
ugo	t	hugo
uils	t	luis
uladislao	b	
ulaislao	t	uladislao
ulavio	b	
ulberto	b	
uldamar	b	
uldarico	b	
uldario	b	
ulderico	b	
uldlarico	t	uldarico
uldy	b	
uledy	b	
ulfencio	b	
ulfo	b	
ulices	b	
ulisee	t	ulises
ulises	b	
ulmar	b	
ulpiano	b	
ulrich	b	
umar	t	omar
umberto	t	humberto
univelso	b	
univer	b	
upiano	t	ulpiano
upliano	t	ulpiano
urbamo	t	urbano
urbano	b	
ureil	t	uriel
urias	b	
uribe	b	
urid	b	
uriel	b	
urio	b	
uriol	b	
uripides	t	euripides
urley	b	
urpiano	b	
urumaldo	b	
urvano	t	urbano
urvino	b	
usberto	b	
usebio	t	eusebio
ustacio	t	eustacio
ustaquio	t	eustaquio
ustilio	b	
usvaldo	t	osvaldo
uvaldino	b	
uvaldo	b	
uvencio	b	
uver	b	
uvifildo	b	
uvin	b	
uwaldino	t	uvaldino
uwaldo	b	
vain	t	ivan
vairon	b	
valazco	t	velasco
valdemar	b	
valdo	b	
valdomero	b	
valduvino	b	
valentim	t	valentin
valentin	b	
valentino	b	
valeriano	b	
valerio	b	
valero	b	
vallardo	b	
valmore	b	
valois	b	
valoy	b	
valoys	b	
valvino	b	
varonio	b	
vaudelino	b	
vaughan	b	
vbelarmino	t	belarmino
vctor	t	victor
vecencio	t	vicencio
vecente	t	vicente
velandio	b	
velasco	b	
velascom	t	velasco
velascop	t	velasco
velen	t	belen
velero	t	valero
vellasco	t	velasco
velmis	b	
velzaco	t	velasco
venacio	t	venancio
venancio	b	
vencelado	b	
vencelin	b	
vencio	b	
venecio	b	
venedo	b	
venencio	b	
venicio	b	
venito	t	benito
veranio	b	
vercelio	b	
verlen	b	
verley	b	
verleyne	b	
vermel	b	
verselay	b	
verturio	b	
veyer	b	
vianko	b	
vianney	b	
vibiano	b	
vibran	b	
vicencio	b	
vicenmte	t	vicente
vicente	b	
vicnel	b	
vicotr	t	victor
victior	t	victor
victo	t	victor
victoa	t	victor
victor	b	
victoriano	b	
victorino	b	
victorio	b	
victro	t	victor
vicyor	t	victor
vidal	b	
vidalio	b	
viecente	t	vicente
viictor	t	victor
vilealdo	b	
vilfrido	t	wilfrido
villael	b	
villan	t	millan
ville	b	
villerman	b	
vilmar	b	
vilmer	b	
vinicio	b	
vipiano	b	
virgelino	b	
virgili	t	virgilio
virgilio	b	
virginio	b	
virigilio	t	virgilio
virso	b	
visai	b	
visaleon	b	
viscencio	b	
visctor	t	victor
visel	b	
visente	t	vicente
vismar	b	
vistor	t	victor
vitaliano	b	
vitalicio	b	
vitalino	b	
vitelino	b	
vitelio	b	
vitelmo	b	
vito	b	
vivctor	t	victor
viver	b	
viviano	b	
vixctor	t	victor
vixtor	t	victor
viyail	b	
vladimir	b	
vlero	t	valero
voctor	t	victor
volney	b	
voltaire	b	
vonneth	b	
vrigilio	t	virgilio
vuictor	t	victor
wader	b	
wager	t	wagner
wagner	b	
wahiro	b	
waldemar	b	
waldemiro	b	
walder	b	
waldino	b	
waldo	b	
waldon	b	
walfer	b	
walfrando	b	
waltdisney	b	
walter	b	
walther	b	
waltrer	t	walter
wanerges	b	
warner	b	
washington	b	
wather	t	walther
way	b	
wbaldo	b	
wbeimar	b	
wber	b	
wduardo	t	eduardo
we	b	
wei	b	
weimar	b	
welfor	b	
wellington	b	
wells	b	
welnier	b	
welvis	t	elvis
wemilio	t	emilio
wenceslado	b	
wenceslao	b	
wencislao	t	wenceslao
wenselao	t	wenceslao
wenseslado	t	wenceslado
wenseslao	b	
werner	b	
wesmer	b	
weyerlesto	b	
weyman	b	
whilmer	b	
white	b	
whitman	b	
wiber	b	
widen	b	
wider	b	
widy	b	
wigberto	t	rigoberto
wiiliam	t	william
wil	b	
wilban	b	
wilber	b	
wilbert	b	
wilberto	b	
wilcen	b	
wilde	b	
wildener	b	
wilder	b	
wildon	t	wilson
wildy	b	
wilfael	b	
wilfen	b	
wilfer	b	
wilford	b	
wilfran	b	
wilfred	b	
wilfredo	b	
wilfredy	b	
wilfrido	b	
wilgen	b	
wilgermil	b	
wilhelm	b	
wiliam	b	
wilian	t	william
wiliiam	t	william
wilington	b	
wilinton	b	
wilisen	b	
will	b	
willam	b	
willan	b	
willander	b	
willans	b	
willar	b	
willardo	b	
willer	b	
william	b	
williame	t	william
williamn	t	william
williams	b	
willian	b	
willians	b	
willier	b	
willington	b	
willinton	b	
williton	t	willinton
willlian	t	william
willman	b	
willmer	b	
willson	t	wilson
willwiam	t	william
willy	b	
willyan	b	
wilmam	b	
wilman	b	
wilmar	b	
wilmen	b	
wilmer	b	
wilmes	b	
wilmqan	t	wilman
wilquin	b	
wilsair	b	
wilsen	b	
wilser	b	
wilso	t	wilson
wilsom	t	wilson
wilson	b	
wilter	b	
wilther	b	
wilton	b	
wilver	b	
wines	b	
winston	b	
wisley	b	
wisney	b	
wison	t	wilson
wiston	b	
witberto	b	
witler	b	
witton	t	wiston
wiulson	t	wilson
wladimir	b	
wladlo	t	waldo
wlimer	t	wilmer
wlliam	t	william
wolber	b	
wolfan	b	
wolfrando	b	
woover	b	
wrahian	b	
wriel	t	uriel
wsbaldo	t	oswaldo
wualdo	b	
wuelser	b	
wuenceslao	b	
wuiliam	t	william
wuilliam	t	william
wuillian	t	william
wuilman	t	wilman
wuilson	t	wilson
wylian	b	
xavier	b	
xcarlos	t	carlos
xochitl	b	
yabany	b	
yabed	b	
yabet	b	
yadir	b	
yahir	b	
yaiber	b	
yaid	b	
yair	b	
yairo	b	
yairsinio	b	
yaiver	b	
yakson	b	
yalhi	b	
yamel	b	
yamid	b	
yamil	b	
yamilo	b	
yamir	b	
yamit	b	
yamith	b	
yanai	b	
yance	b	
yanco	b	
yandir	b	
yanesid	b	
yanith	b	
yannin	b	
yanny	b	
yanobi	b	
yari	b	
yarify	b	
yarith	b	
yashin	b	
yasid	t	yesid
yavany	t	yovany
yaved	b	
yberth	b	
yebrail	b	
yebral	b	
yecid	b	
yecy	b	
yefeer	b	
yefer	b	
yeferson	b	
yeffer	b	
yefre	b	
yeid	b	
yeifer	b	
yeimen	b	
yeimis	b	
yeisan	b	
yeiso	b	
yeison	b	
yeisson	b	
yelco	b	
yelfi	b	
yemerson	b	
yen	b	
yenderson	b	
yendrin	b	
yenio	b	
yenit	b	
yenith	b	
yenner	b	
yenson	b	
yent	b	
yentil	b	
yeraldo	b	
yergey	b	
yerky	b	
yerlis	b	
yerly	b	
yerman	b	
yerny	b	
yersail	b	
yerson	b	
yesid	b	
yesis	t	yesid
yesit	b	
yesith	b	
yessid	b	
yessit	b	
yesterbay	b	
yeych	b	
yezid	b	
yezith	b	
ygiovany	t	giovany
yhon	t	jhon
yhovany	b	
yibe	b	
yilber	b	
yilmar	b	
yilver	b	
yimar	b	
yimer	b	
yimi	b	
yimmi	b	
yimmy	b	
yimy	b	
yin	b	
yinmy	t	yimmy
yirlet	b	
yiro	b	
yiter	b	
yjorge	t	jorge
ylian	b	
yoane	b	
yoanni	b	
yoany	b	
yobal	b	
yoban	b	
yobane	b	
yobani	b	
yobanny	b	
yobany	b	
yode	b	
yoel	b	
yoen	b	
yofed	b	
yofer	b	
yofre	b	
yofrey	b	
yoghan	b	
yognys	b	
yogull	b	
yohan	b	
yohani	b	
yohannes	b	
yohany	b	
yohar	b	
yohn	b	
yohonfredi	b	
yohys	b	
yojani	b	
yolfer	b	
yolivel	b	
yolman	b	
yolmar	b	
yolmen	b	
yolmi	b	
yolse	b	
yon	b	
yonaldo	b	
yonan	b	
yonar	b	
yonaude	b	
yoncy	b	
yonelson	b	
yoner	b	
yongar	b	
yonh	b	
yoni	b	
yoniky	b	
yonilbe	b	
yoninso	b	
yonis	b	
yonle	b	
yonn	b	
yonny	b	
yonson	b	
yony	b	
yorgin	b	
york	b	
yorlen	b	
yorman	b	
yorney	b	
yorny	b	
yoskson	b	
yosman	b	
yosme	b	
yosvel	b	
youber	b	
yovagne	b	
yovan	b	
yovani	b	
yovanis	b	
yovanni	b	
yovanny	b	
yovany	b	
yower	b	
yuban	b	
yubel	b	
yuber	b	
yubernan	b	
yuberth	b	
yubierley	b	
yuher	b	
yuiri	b	
yulder	b	
yule	b	
yuler	b	
yuliany	b	
yuller	b	
yulma	b	
yumel	b	
yure	b	
yuri	b	
yury	b	
yussi	b	
yuver	b	
zabulon	b	
zacarias	b	
zafiro	b	
zagalo	b	
zair	b	
zamidio	t	zamudio
zamir	b	
zamith	b	
zamudio	b	
zanin	t	sanin
zaoca	b	
zarquis	b	
zarquiz	b	
zarria	b	
zediel	b	
zein	b	
zenen	b	
zenon	b	
zenovid	b	
zie	b	
zimazop	b	
zocimo	b	
zoel	b	
zoilo	b	
zolamo	t	solano
zolman	b	
zosimo	t	zocimo
zuan	t	juan
zulia	b	
zuonimir	b	
